{
    "mattress": {
        "0": 1,
        "1": 9,
        "2": 1,
        "3": 10,
        "4": 1,
        "5": 9,
        "6": 10,
        "7": 1,
        "8": 9,
        "9": 10,
        "10": 2,
        "11": 10,
        "12": 9,
        "13": 5,
        "14": 10,
        "15": 4,
        "16": 10,
        "17": 4,
        "18": 10,
        "19": 10,
        "20": 8,
        "21": 7,
        "22": 10,
        "23": 9,
        "24": 9,
        "26": 10,
        "27": 10,
        "28": 6,
        "29": 9,
        "30": 10,
        "31": 2,
        "32": 10,
        "33": 8,
        "34": 9,
        "35": 10,
        "36": 1,
        "37": 10,
        "38": 7,
        "39": 9,
        "40": 10,
        "41": 8,
        "42": 9,
        "43": 6,
        "44": 10,
        "45": 10,
        "46": 8,
        "47": 10,
        "48": 7,
        "49": 9
    },
    "no_mans_sky": {
        "0": 10,
        "1": 10,
        "2": 8,
        "5": 9,
        "7": 9,
        "10": 8,
        "11": 8,
        "13": 2,
        "14": 10,
        "17": 10,
        "21": 10,
        "23": 3,
        "24": 8,
        "26": 9,
        "27": 8,
        "28": 10,
        "34": 9,
        "35": 10,
        "36": 8,
        "41": 10,
        "42": 9,
        "43": 9,
        "44": 10,
        "46": 3,
        "47": 9,
        "48": 10,
        "49": 4,
        "50": 9,
        "51": 9,
        "55": 9,
        "57": 8,
        "58": 10,
        "61": 10,
        "62": 10,
        "65": 9,
        "67": 9,
        "69": 10,
        "71": 0,
        "73": 8,
        "74": 5,
        "75": 8,
        "76": 9,
        "78": 9,
        "79": 9,
        "82": 10,
        "83": 8,
        "85": 8,
        "87": 10,
        "90": 9,
        "91": 9,
        "95": 2,
        "96": 8,
        "97": 8,
        "98": 9,
        "99": 8,
        "100": 10,
        "103": 9,
        "104": 4,
        "105": 10,
        "106": 9,
        "107": 7,
        "108": 9,
        "109": 9,
        "111": 10,
        "112": 10,
        "114": 9,
        "115": 8,
        "118": 9,
        "119": 9,
        "120": 7,
        "121": 9,
        "122": 10,
        "125": 9,
        "126": 3,
        "127": 8,
        "128": 7,
        "132": 9,
        "134": 7,
        "135": 10,
        "136": 3,
        "137": 10,
        "139": 10,
        "140": 7,
        "143": 7,
        "144": 8,
        "145": 9,
        "147": 7,
        "148": 8,
        "149": 2,
        "150": 10,
        "157": 3,
        "160": 10,
        "161": 9,
        "163": 9,
        "164": 9,
        "165": 10,
        "166": 9,
        "168": 10,
        "169": 7,
        "173": 10,
        "178": 9,
        "180": 7,
        "182": 7,
        "183": 9,
        "186": 1,
        "187": 6,
        "188": 8,
        "189": 8,
        "191": 8,
        "192": 2,
        "193": 7,
        "197": 3,
        "203": 7,
        "205": 8,
        "207": 10,
        "208": 9,
        "209": 10,
        "217": 10,
        "218": 3,
        "221": 9,
        "228": 8,
        "230": 9,
        "231": 10,
        "232": 10,
        "234": 3,
        "236": 10,
        "237": 9,
        "238": 8,
        "239": 10,
        "241": 10,
        "242": 9,
        "244": 8,
        "245": 9,
        "246": 6,
        "247": 9,
        "248": 9,
        "250": 3,
        "252": 8,
        "253": 9,
        "254": 10,
        "255": 8,
        "256": 10,
        "257": 10,
        "258": 9,
        "259": 9,
        "261": 10,
        "262": 8,
        "263": 10,
        "264": 9,
        "266": 2,
        "267": 9,
        "269": 9,
        "271": 9,
        "272": 9,
        "273": 7,
        "274": 9,
        "275": 9,
        "277": 10,
        "278": 4,
        "279": 9,
        "280": 9,
        "282": 7,
        "284": 9,
        "285": 8,
        "286": 9,
        "287": 8,
        "289": 6,
        "297": 8,
        "298": 9,
        "300": 8,
        "301": 2,
        "303": 9,
        "305": 10,
        "306": 8,
        "307": 8,
        "308": 9,
        "310": 9,
        "311": 9,
        "312": 7,
        "318": 9,
        "319": 2,
        "320": 10,
        "323": 10,
        "325": 9,
        "326": 10,
        "327": 10,
        "328": 9,
        "330": 8,
        "332": 10,
        "334": 9,
        "336": 7,
        "341": 9,
        "342": 9,
        "345": 10,
        "346": 3,
        "347": 10,
        "349": 8,
        "350": 10,
        "351": 1,
        "353": 8,
        "354": 10,
        "357": 4,
        "358": 9,
        "360": 10,
        "361": 10,
        "364": 10,
        "366": 1,
        "367": 8,
        "368": 10,
        "374": 9,
        "375": 9,
        "376": 10,
        "381": 9,
        "383": 2,
        "386": 3,
        "390": 8,
        "392": 8,
        "393": 8,
        "397": 8,
        "400": 8,
        "402": 8,
        "405": 10,
        "407": 8,
        "410": 7,
        "411": 9,
        "412": 10,
        "414": 2,
        "415": 10,
        "417": 10,
        "418": 10,
        "419": 2,
        "420": 9,
        "421": 10,
        "424": 8,
        "425": 7,
        "428": 7,
        "429": 3,
        "430": 9,
        "431": 9,
        "432": 10,
        "435": 8,
        "436": 9,
        "440": 9,
        "441": 10,
        "445": 9,
        "446": 10,
        "448": 9,
        "450": 10,
        "451": 10,
        "453": 8,
        "456": 9,
        "457": 7,
        "462": 8,
        "463": 9,
        "465": 8,
        "466": 9,
        "467": 10,
        "469": 8,
        "470": 1,
        "471": 9,
        "472": 10,
        "473": 8,
        "476": 9,
        "478": 10,
        "479": 2,
        "480": 1,
        "481": 8,
        "482": 10,
        "483": 10,
        "485": 10,
        "486": 8,
        "487": 8,
        "491": 9,
        "493": 8,
        "495": 3,
        "496": 9,
        "497": 1,
        "502": 2,
        "504": 9,
        "507": 2,
        "510": 9,
        "514": 9,
        "516": 7,
        "518": 7,
        "519": 9,
        "522": 9,
        "524": 7,
        "525": 10,
        "529": 9,
        "531": 8,
        "532": 2,
        "533": 9,
        "537": 10,
        "540": 8,
        "541": 10,
        "543": 10,
        "544": 9,
        "546": 8,
        "550": 8,
        "552": 10,
        "555": 9,
        "556": 8,
        "557": 9,
        "559": 10,
        "564": 10,
        "566": 9,
        "567": 10,
        "573": 8,
        "574": 9,
        "575": 3,
        "577": 7,
        "579": 8,
        "582": 9,
        "583": 9,
        "585": 10,
        "586": 9,
        "587": 7,
        "588": 9,
        "590": 10
    },
    "petit_jardin": {
        "0": 2,
        "1": 10,
        "2": 1,
        "3": 10,
        "4": 10,
        "5": 10,
        "6": 10,
        "7": 1,
        "8": 8,
        "9": 10,
        "10": 9,
        "11": 8,
        "12": 7,
        "14": 10,
        "15": 3,
        "16": 6,
        "17": 10,
        "18": 7,
        "19": 6,
        "20": 2,
        "21": 9,
        "22": 10,
        "23": 9,
        "24": 10,
        "25": 5,
        "26": 8,
        "27": 0,
        "28": 9,
        "29": 10,
        "30": 10,
        "31": 5,
        "32": 10,
        "33": 9,
        "34": 2,
        "35": 8,
        "36": 7,
        "37": 9,
        "38": 10,
        "39": 10,
        "40": 8,
        "41": 8,
        "42": 1,
        "43": 1,
        "44": 6,
        "45": 10,
        "46": 2,
        "47": 10,
        "48": 10,
        "49": 10,
        "50": 10,
        "51": 4,
        "52": 10,
        "53": 6,
        "54": 10,
        "55": 4,
        "56": 9,
        "57": 10,
        "59": 9,
        "60": 10,
        "61": 10,
        "62": 10,
        "63": 2,
        "64": 5,
        "65": 7,
        "66": 1,
        "67": 9,
        "68": 4,
        "69": 4,
        "70": 5,
        "71": 10,
        "72": 4,
        "73": 9,
        "74": 8,
        "75": 3,
        "76": 10,
        "77": 7,
        "78": 10,
        "79": 9,
        "80": 10,
        "81": 10,
        "82": 7,
        "83": 7,
        "84": 10,
        "86": 10,
        "87": 3,
        "88": 9,
        "89": 4,
        "90": 10,
        "91": 7,
        "92": 4,
        "93": 10,
        "94": 9,
        "95": 10,
        "96": 8,
        "97": 9,
        "98": 4,
        "99": 3,
        "100": 4,
        "102": 4,
        "103": 8,
        "104": 9,
        "106": 7,
        "107": 10,
        "108": 10,
        "110": 10,
        "111": 10,
        "112": 3,
        "113": 9,
        "114": 1,
        "115": 2
    },
    "shampoo_men": {
        "0": 9,
        "1": 10,
        "2": 10,
        "3": 10,
        "4": 4,
        "5": 10,
        "6": 10,
        "7": 9,
        "8": 9,
        "9": 8,
        "10": 10,
        "11": 2,
        "12": 2,
        "13": 10,
        "14": 8,
        "15": 10,
        "16": 10,
        "17": 10,
        "18": 10,
        "19": 10,
        "20": 7,
        "21": 10,
        "22": 9,
        "23": 10,
        "24": 7,
        "25": 10,
        "26": 7,
        "27": 10,
        "29": 7,
        "30": 10,
        "31": 10,
        "32": 10,
        "33": 10,
        "34": 10,
        "35": 10,
        "36": 10,
        "37": 10,
        "38": 10,
        "39": 8,
        "40": 10,
        "41": 9,
        "42": 9,
        "43": 10,
        "44": 10,
        "45": 10,
        "46": 8,
        "47": 10,
        "48": 10,
        "49": 9,
        "50": 9,
        "51": 10,
        "52": 10,
        "53": 9,
        "54": 10,
        "55": 10,
        "56": 10,
        "57": 10,
        "58": 10,
        "59": 10,
        "60": 10,
        "61": 10
    },
    "shampoo_women_1l": {
        "0": 9,
        "1": 10,
        "2": 5,
        "3": 9,
        "4": 6,
        "5": 10,
        "6": 9,
        "7": 10,
        "8": 8,
        "9": 10,
        "10": 10,
        "11": 10,
        "12": 7,
        "13": 9,
        "14": 0,
        "15": 10,
        "16": 9,
        "17": 10,
        "18": 10,
        "19": 10,
        "20": 9,
        "21": 10,
        "22": 8,
        "23": 4,
        "24": 10
    },
    "shampoo_women_5l": {
        "0": 7,
        "1": 9,
        "2": 10,
        "3": 9,
        "4": 7,
        "5": 6,
        "6": 8,
        "7": 9,
        "8": 9,
        "9": 8,
        "10": 8,
        "11": 6,
        "12": 10,
        "13": 7,
        "14": 7,
        "15": 8,
        "16": 10,
        "17": 10,
        "18": 10,
        "19": 8,
        "20": 9,
        "21": 7,
        "22": 7,
        "23": 8,
        "24": 10,
        "25": 9,
        "26": 10,
        "27": 10,
        "28": 5,
        "29": 10,
        "30": 10,
        "31": 7,
        "32": 6,
        "33": 9,
        "34": 10,
        "35": 9,
        "36": 6,
        "37": 7,
        "38": 9,
        "39": 4,
        "40": 6,
        "41": 9,
        "42": 9,
        "43": 7,
        "44": 10,
        "45": 8,
        "46": 8,
        "47": 10,
        "49": 9,
        "50": 9,
        "51": 10,
        "52": 5,
        "53": 9,
        "54": 10,
        "55": 10,
        "56": 10,
        "57": 10,
        "58": 9,
        "59": 10,
        "60": 10,
        "61": 10,
        "62": 5,
        "63": 10,
        "64": 2,
        "65": 10
    },
    "victor_ferry": {
        "0": 10,
        "1": 10,
        "2": 10,
        "3": 0,
        "5": 0,
        "6": 10,
        "7": 1,
        "8": 10,
        "9": 10,
        "10": 8,
        "11": 10,
        "12": 7,
        "13": 10,
        "14": 10,
        "15": 9,
        "16": 10,
        "17": 10,
        "18": 1,
        "19": 10,
        "20": 10,
        "21": 4,
        "22": 8,
        "23": 10,
        "24": 2,
        "25": 10,
        "26": 10,
        "27": 10,
        "28": 10,
        "29": 9,
        "30": 10,
        "31": 10,
        "32": 10,
        "33": 10,
        "34": 10,
        "36": 10
    }
}