{
    "mattress": {
        "0": 0,
        "1": 9,
        "2": 2,
        "3": 9,
        "4": 2,
        "5": 8,
        "6": 9,
        "7": 2,
        "8": 9,
        "9": 9,
        "10": 1,
        "11": 9,
        "12": 8,
        "13": 5,
        "14": 10,
        "15": 5,
        "16": 8,
        "17": 3,
        "18": 9,
        "19": 9,
        "20": 8,
        "21": 7,
        "22": 8,
        "23": 9,
        "24": 8,
        "26": 10,
        "27": 10,
        "28": 4,
        "29": 9,
        "30": 10,
        "31": 3,
        "32": 10,
        "33": 8,
        "34": 8,
        "35": 10,
        "36": 1,
        "37": 10,
        "38": 6,
        "39": 8,
        "40": 9,
        "41": 6,
        "42": 7,
        "43": 4,
        "44": 9,
        "45": 10,
        "46": 7,
        "47": 8,
        "48": 6,
        "49": 7
    },
    "no_mans_sky": {
        "0": 9,
        "1": 9,
        "2": 7,
        "5": 7,
        "7": 8,
        "10": 7,
        "11": 7,
        "13": 3,
        "14": 10,
        "17": 8,
        "21": 8,
        "23": 2,
        "24": 7,
        "26": 9,
        "27": 5,
        "28": 9,
        "34": 8,
        "35": 10,
        "36": 7,
        "41": 8,
        "42": 9,
        "43": 9,
        "44": 9,
        "46": 3,
        "47": 8,
        "48": 7,
        "49": 3,
        "50": 7,
        "51": 8,
        "55": 8,
        "57": 8,
        "58": 8,
        "61": 9,
        "62": 9,
        "65": 9,
        "67": 8,
        "69": 10,
        "71": 2,
        "73": 7,
        "74": 6,
        "75": 6,
        "76": 7,
        "78": 7,
        "79": 7,
        "82": 9,
        "83": 7,
        "85": 7,
        "87": 8,
        "90": 9,
        "91": 8,
        "95": 3,
        "96": 7,
        "97": 8,
        "98": 7,
        "99": 7,
        "100": 10,
        "103": 9,
        "104": 2,
        "105": 10,
        "106": 7,
        "107": 7,
        "108": 9,
        "109": 6,
        "111": 10,
        "112": 10,
        "114": 8,
        "115": 6,
        "118": 8,
        "119": 8,
        "120": 6,
        "121": 7,
        "122": 9,
        "125": 8,
        "126": 2,
        "127": 7,
        "128": 7,
        "132": 7,
        "134": 6,
        "135": 9,
        "136": 2,
        "137": 8,
        "139": 9,
        "140": 6,
        "143": 6,
        "144": 7,
        "145": 7,
        "147": 6,
        "148": 7,
        "149": 2,
        "150": 9,
        "157": 2,
        "160": 7,
        "161": 9,
        "163": 8,
        "164": 7,
        "165": 9,
        "166": 7,
        "168": 9,
        "169": 7,
        "173": 8,
        "178": 8,
        "180": 6,
        "182": 6,
        "183": 8,
        "186": 3,
        "187": 5,
        "188": 7,
        "189": 7,
        "191": 8,
        "192": 2,
        "193": 6,
        "197": 4,
        "203": 6,
        "205": 8,
        "207": 10,
        "208": 7,
        "209": 9,
        "217": 8,
        "218": 4,
        "221": 9,
        "228": 8,
        "230": 8,
        "231": 9,
        "232": 10,
        "234": 2,
        "236": 8,
        "237": 9,
        "238": 6,
        "239": 9,
        "241": 9,
        "242": 9,
        "244": 6,
        "245": 9,
        "246": 6,
        "247": 9,
        "248": 8,
        "250": 4,
        "252": 8,
        "253": 8,
        "254": 7,
        "255": 6,
        "256": 10,
        "257": 10,
        "258": 9,
        "259": 8,
        "261": 8,
        "262": 7,
        "263": 10,
        "264": 7,
        "266": 2,
        "267": 8,
        "269": 9,
        "271": 8,
        "272": 6,
        "273": 6,
        "274": 8,
        "275": 8,
        "277": 6,
        "278": 3,
        "279": 8,
        "280": 7,
        "282": 6,
        "284": 9,
        "285": 7,
        "286": 8,
        "287": 6,
        "289": 6,
        "297": 6,
        "298": 8,
        "300": 7,
        "301": 2,
        "303": 9,
        "305": 7,
        "306": 7,
        "307": 7,
        "308": 8,
        "310": 8,
        "311": 7,
        "312": 6,
        "318": 7,
        "319": 3,
        "320": 10,
        "323": 7,
        "325": 8,
        "326": 10,
        "327": 9,
        "328": 7,
        "330": 7,
        "332": 9,
        "334": 9,
        "336": 5,
        "341": 8,
        "342": 9,
        "345": 9,
        "346": 2,
        "347": 10,
        "349": 8,
        "350": 8,
        "351": 3,
        "353": 7,
        "354": 9,
        "357": 4,
        "358": 8,
        "360": 9,
        "361": 8,
        "364": 7,
        "366": 1,
        "367": 7,
        "368": 9,
        "374": 8,
        "375": 8,
        "376": 10,
        "381": 9,
        "383": 1,
        "386": 2,
        "390": 8,
        "392": 7,
        "393": 8,
        "397": 7,
        "400": 7,
        "402": 7,
        "405": 9,
        "407": 7,
        "410": 6,
        "411": 8,
        "412": 8,
        "414": 3,
        "415": 8,
        "417": 8,
        "418": 9,
        "419": 2,
        "420": 9,
        "421": 9,
        "424": 8,
        "425": 6,
        "428": 7,
        "429": 4,
        "430": 8,
        "431": 8,
        "432": 9,
        "435": 7,
        "436": 9,
        "440": 9,
        "441": 9,
        "445": 7,
        "446": 6,
        "448": 9,
        "450": 9,
        "451": 8,
        "453": 7,
        "456": 8,
        "457": 7,
        "462": 7,
        "463": 6,
        "465": 6,
        "466": 8,
        "467": 9,
        "469": 8,
        "470": 0,
        "471": 6,
        "472": 10,
        "473": 8,
        "476": 8,
        "478": 8,
        "479": 1,
        "480": 2,
        "481": 7,
        "482": 9,
        "483": 10,
        "485": 9,
        "486": 8,
        "487": 7,
        "491": 8,
        "493": 8,
        "495": 3,
        "496": 9,
        "497": 1,
        "502": 2,
        "504": 9,
        "507": 4,
        "510": 7,
        "514": 8,
        "516": 7,
        "518": 8,
        "519": 8,
        "522": 8,
        "524": 6,
        "525": 10,
        "529": 8,
        "531": 7,
        "532": 3,
        "533": 9,
        "537": 8,
        "540": 8,
        "541": 10,
        "543": 8,
        "544": 7,
        "546": 7,
        "550": 7,
        "552": 8,
        "555": 8,
        "556": 8,
        "557": 8,
        "559": 9,
        "564": 8,
        "566": 9,
        "567": 9,
        "573": 7,
        "574": 8,
        "575": 4,
        "577": 6,
        "579": 7,
        "582": 8,
        "583": 8,
        "585": 9,
        "586": 8,
        "587": 6,
        "588": 7,
        "590": 9
    },
    "petit_jardin": {
        "0": 2,
        "1": 10,
        "2": 2,
        "3": 9,
        "4": 9,
        "5": 9,
        "6": 10,
        "7": 1,
        "8": 8,
        "9": 10,
        "10": 9,
        "11": 8,
        "12": 6,
        "14": 9,
        "15": 3,
        "16": 6,
        "17": 10,
        "18": 6,
        "19": 5,
        "20": 2,
        "21": 8,
        "22": 10,
        "23": 9,
        "24": 10,
        "25": 5,
        "26": 8,
        "27": 0,
        "28": 9,
        "29": 10,
        "30": 10,
        "31": 3,
        "32": 10,
        "33": 9,
        "34": 2,
        "35": 7,
        "36": 7,
        "37": 9,
        "38": 10,
        "39": 10,
        "40": 7,
        "41": 8,
        "42": 1,
        "43": 0,
        "44": 4,
        "45": 10,
        "46": 0,
        "47": 10,
        "48": 10,
        "49": 10,
        "50": 10,
        "51": 4,
        "52": 10,
        "53": 7,
        "54": 9,
        "55": 4,
        "56": 8,
        "57": 10,
        "59": 9,
        "60": 9,
        "61": 10,
        "62": 8,
        "63": 2,
        "64": 4,
        "65": 6,
        "66": 2,
        "67": 9,
        "68": 4,
        "69": 4,
        "70": 5,
        "71": 10,
        "72": 4,
        "73": 8,
        "74": 8,
        "75": 3,
        "76": 9,
        "77": 7,
        "78": 10,
        "79": 8,
        "80": 10,
        "81": 10,
        "82": 7,
        "83": 7,
        "84": 9,
        "86": 9,
        "87": 3,
        "88": 8,
        "89": 4,
        "90": 10,
        "91": 8,
        "92": 4,
        "93": 10,
        "94": 7,
        "95": 10,
        "96": 8,
        "97": 9,
        "98": 4,
        "99": 3,
        "100": 3,
        "102": 3,
        "103": 6,
        "104": 9,
        "106": 7,
        "107": 9,
        "108": 10,
        "110": 10,
        "111": 10,
        "112": 3,
        "113": 9,
        "114": 1,
        "115": 1
    },
    "shampoo_men": {
        "0": 7,
        "1": 8,
        "2": 8,
        "3": 8,
        "4": 3,
        "5": 7,
        "6": 8,
        "7": 8,
        "8": 9,
        "9": 8,
        "10": 9,
        "11": 2,
        "12": 2,
        "13": 7,
        "14": 5,
        "15": 10,
        "16": 8,
        "17": 9,
        "18": 7,
        "19": 8,
        "20": 4,
        "21": 8,
        "22": 6,
        "23": 10,
        "24": 5,
        "25": 8,
        "26": 4,
        "27": 7,
        "29": 6,
        "30": 6,
        "31": 9,
        "32": 9,
        "33": 8,
        "34": 7,
        "35": 7,
        "36": 8,
        "37": 9,
        "38": 6,
        "39": 7,
        "40": 8,
        "41": 8,
        "42": 8,
        "43": 8,
        "44": 8,
        "45": 9,
        "46": 6,
        "47": 10,
        "48": 9,
        "49": 7,
        "50": 7,
        "51": 9,
        "52": 10,
        "53": 7,
        "54": 9,
        "55": 9,
        "56": 10,
        "57": 9,
        "58": 8,
        "59": 10,
        "60": 9,
        "61": 9
    },
    "shampoo_women_1l": {
        "0": 8,
        "1": 10,
        "2": 6,
        "3": 8,
        "4": 5,
        "5": 10,
        "6": 7,
        "7": 7,
        "8": 8,
        "9": 10,
        "10": 9,
        "11": 10,
        "12": 7,
        "13": 8,
        "14": 2,
        "15": 7,
        "16": 8,
        "17": 9,
        "18": 10,
        "19": 9,
        "20": 8,
        "21": 9,
        "22": 8,
        "23": 4,
        "24": 9
    },
    "shampoo_women_5l": {
        "0": 4,
        "1": 8,
        "2": 9,
        "3": 8,
        "4": 5,
        "5": 7,
        "6": 7,
        "7": 8,
        "8": 8,
        "9": 7,
        "10": 8,
        "11": 6,
        "12": 9,
        "13": 6,
        "14": 5,
        "15": 7,
        "16": 7,
        "17": 9,
        "18": 9,
        "19": 8,
        "20": 8,
        "21": 6,
        "22": 5,
        "23": 7,
        "24": 10,
        "25": 7,
        "26": 9,
        "27": 9,
        "28": 5,
        "29": 9,
        "30": 9,
        "31": 6,
        "32": 6,
        "33": 8,
        "34": 8,
        "35": 9,
        "36": 6,
        "37": 6,
        "38": 8,
        "39": 4,
        "40": 5,
        "41": 8,
        "42": 7,
        "43": 6,
        "44": 8,
        "45": 6,
        "46": 7,
        "47": 8,
        "49": 7,
        "50": 8,
        "51": 9,
        "52": 5,
        "53": 10,
        "54": 9,
        "55": 8,
        "56": 10,
        "57": 9,
        "58": 7,
        "59": 8,
        "60": 8,
        "61": 8,
        "62": 3,
        "63": 10,
        "64": 2,
        "65": 10
    },
    "victor_ferry": {
        "0": 8,
        "1": 9,
        "2": 8,
        "3": 1,
        "5": 2,
        "6": 9,
        "7": 1,
        "8": 8,
        "9": 8,
        "10": 7,
        "11": 9,
        "12": 6,
        "13": 9,
        "14": 8,
        "15": 8,
        "16": 10,
        "17": 9,
        "18": 3,
        "19": 10,
        "20": 9,
        "21": 4,
        "22": 7,
        "23": 9,
        "24": 2,
        "25": 9,
        "26": 9,
        "27": 9,
        "28": 10,
        "29": 9,
        "30": 9,
        "31": 9,
        "32": 10,
        "33": 10,
        "34": 9,
        "36": 8
    }
}