{
    "mattress": {
        "0": [
            0.0,
            0.0
        ],
        "1": [
            0.625,
            0.9
        ],
        "2": [
            0.0,
            0.0
        ],
        "3": [
            0.78125,
            0.9
        ],
        "4": [
            0.0,
            0.0
        ],
        "5": [
            0.5,
            0.9
        ],
        "6": [
            0.78125,
            0.9
        ],
        "7": [
            0.0,
            0.0
        ],
        "8": [
            0.625,
            0.9
        ],
        "9": [
            0.78125,
            0.9
        ],
        "10": [
            0.7,
            0.9
        ],
        "11": [
            0.6,
            0.9
        ],
        "12": [
            0.5,
            0.9
        ],
        "13": [
            -0.4,
            0.1
        ],
        "14": [
            0.6,
            0.9
        ],
        "15": [
            0.0,
            0.0
        ],
        "16": [
            1.0,
            0.9
        ],
        "17": [
            0.0,
            0.0
        ],
        "18": [
            0.033333333333333326,
            0.3333333333333333
        ],
        "19": [
            0.5,
            0.9
        ],
        "20": [
            0.0,
            0.0
        ],
        "21": [
            0.17,
            0.15
        ],
        "22": [
            0.5,
            0.9
        ],
        "23": [
            1.0,
            0.9
        ],
        "24": [
            0.625,
            0.9
        ],
        "26": [
            0.5,
            0.9
        ],
        "27": [
            0.5,
            0.9
        ],
        "28": [
            0.7,
            0.9
        ],
        "29": [
            0.5,
            0.9
        ],
        "30": [
            0.5,
            0.9
        ],
        "31": [
            0.0,
            0.3
        ],
        "32": [
            0.390625,
            0.45
        ],
        "33": [
            0.5,
            0.9
        ],
        "34": [
            0.5,
            0.9
        ],
        "35": [
            0.78125,
            0.9
        ],
        "36": [
            0.0,
            0.0
        ],
        "37": [
            0.78125,
            0.9
        ],
        "38": [
            -0.5,
            0.1
        ],
        "39": [
            0.5,
            0.9
        ],
        "40": [
            0.5,
            0.9
        ],
        "41": [
            0.0,
            0.0
        ],
        "42": [
            0.5,
            0.9
        ],
        "43": [
            0.0,
            0.0
        ],
        "44": [
            0.11249999999999999,
            0.5
        ],
        "45": [
            0.5,
            0.9
        ],
        "46": [
            0.7,
            0.9
        ],
        "47": [
            0.5,
            0.9
        ],
        "48": [
            0.0,
            0.0
        ],
        "49": [
            0.5,
            0.9
        ]
    },
    "no_mans_sky": {
        "0": [
            0.0,
            0.0
        ],
        "1": [
            0.0,
            0.0
        ],
        "2": [
            0.0,
            0.0
        ],
        "5": [
            0.0,
            0.0
        ],
        "7": [
            0.0,
            0.0
        ],
        "10": [
            0.5,
            1.0
        ],
        "11": [
            0.0,
            0.0
        ],
        "13": [
            0.0,
            0.0
        ],
        "14": [
            0.11666666666666664,
            0.15000000000000002
        ],
        "17": [
            0.0,
            0.0
        ],
        "21": [
            0.0,
            0.0
        ],
        "23": [
            0.0,
            0.0
        ],
        "24": [
            0.0,
            0.0
        ],
        "26": [
            0.3,
            0.6
        ],
        "27": [
            0.5,
            1.0
        ],
        "28": [
            0.0,
            0.0
        ],
        "34": [
            0.0,
            0.0
        ],
        "35": [
            0.0,
            0.0
        ],
        "36": [
            0.0,
            0.0
        ],
        "41": [
            0.0,
            0.0
        ],
        "42": [
            0.65,
            0.6
        ],
        "43": [
            0.38499999999999995,
            0.47000000000000003
        ],
        "44": [
            0.35833333333333334,
            0.5666666666666667
        ],
        "46": [
            -0.4,
            0.1
        ],
        "47": [
            0.4,
            0.15
        ],
        "48": [
            0.0,
            0.0
        ],
        "49": [
            0.7,
            0.9
        ],
        "50": [
            0.3125,
            0.0
        ],
        "51": [
            0.0,
            0.0
        ],
        "55": [
            0.1842857142857143,
            0.41428571428571426
        ],
        "57": [
            0.0,
            0.0
        ],
        "58": [
            0.0,
            0.0
        ],
        "61": [
            0.15000000000000002,
            0.2
        ],
        "62": [
            0.625,
            0.15
        ],
        "65": [
            0.365,
            0.5
        ],
        "67": [
            0.5,
            1.0
        ],
        "69": [
            0.8125,
            0.6
        ],
        "71": [
            0.0,
            0.3
        ],
        "73": [
            0.65,
            0.6
        ],
        "74": [
            0.0,
            0.0
        ],
        "75": [
            0.0,
            0.0
        ],
        "76": [
            0.25,
            0.0
        ],
        "78": [
            0.0,
            0.0
        ],
        "79": [
            0.4,
            0.15
        ],
        "82": [
            0.0,
            0.0
        ],
        "83": [
            0.0,
            0.0
        ],
        "85": [
            0.5,
            1.0
        ],
        "87": [
            0.0,
            0.0
        ],
        "90": [
            0.73125,
            0.6
        ],
        "91": [
            0.0,
            0.0
        ],
        "95": [
            0.0,
            0.0
        ],
        "96": [
            0.0,
            0.0
        ],
        "97": [
            -0.4,
            0.1
        ],
        "98": [
            0.0,
            0.0
        ],
        "99": [
            0.05000000000000001,
            0.5666666666666667
        ],
        "100": [
            1.0,
            1.0
        ],
        "103": [
            0.0,
            0.0
        ],
        "104": [
            0.06285714285714285,
            0.32857142857142857
        ],
        "105": [
            0.0,
            0.0
        ],
        "106": [
            0.0,
            0.0
        ],
        "107": [
            -0.7,
            0.7
        ],
        "108": [
            0.0,
            0.0
        ],
        "109": [
            0.65,
            0.6
        ],
        "111": [
            -0.0875,
            0.3
        ],
        "112": [
            0.21999999999999997,
            0.125
        ],
        "114": [
            -0.4,
            0.1
        ],
        "115": [
            0.0,
            0.0
        ],
        "118": [
            0.23500000000000001,
            0.2966666666666667
        ],
        "119": [
            0.0,
            0.0
        ],
        "120": [
            0.0,
            0.0
        ],
        "121": [
            0.0,
            0.0
        ],
        "122": [
            0.0,
            0.0
        ],
        "125": [
            0.0,
            0.0
        ],
        "126": [
            0.0,
            0.0
        ],
        "127": [
            0.0,
            0.0
        ],
        "128": [
            0.0,
            0.0
        ],
        "132": [
            0.10500000000000001,
            0.0
        ],
        "134": [
            0.0,
            0.0
        ],
        "135": [
            0.0,
            0.0
        ],
        "136": [
            0.0,
            0.0
        ],
        "137": [
            0.0,
            0.0
        ],
        "139": [
            -0.05,
            -0.1
        ],
        "140": [
            0.0,
            0.0
        ],
        "143": [
            -0.75,
            1.0
        ],
        "144": [
            0.0,
            0.0
        ],
        "145": [
            0.0,
            0.0
        ],
        "147": [
            -0.05,
            -0.1
        ],
        "148": [
            0.0,
            0.0
        ],
        "149": [
            0.1,
            0.1
        ],
        "150": [
            0.0,
            0.0
        ],
        "157": [
            0.0,
            0.0
        ],
        "160": [
            0.0,
            0.0
        ],
        "161": [
            0.0,
            0.0
        ],
        "163": [
            0.0,
            0.0
        ],
        "164": [
            0.0,
            0.0
        ],
        "165": [
            0.3,
            0.48
        ],
        "166": [
            0.0,
            0.0
        ],
        "168": [
            0.0,
            0.0
        ],
        "169": [
            0.4,
            0.3
        ],
        "173": [
            1.0,
            1.0
        ],
        "178": [
            0.0,
            0.0
        ],
        "180": [
            0.26666666666666666,
            0.39999999999999997
        ],
        "182": [
            0.15,
            0.2
        ],
        "183": [
            0.0,
            0.0
        ],
        "186": [
            0.0,
            0.0
        ],
        "187": [
            0.0,
            0.0
        ],
        "188": [
            0.0,
            0.0
        ],
        "189": [
            0.0,
            0.0
        ],
        "191": [
            0.0,
            0.0
        ],
        "192": [
            -0.1,
            0.15
        ],
        "193": [
            0.0,
            0.0
        ],
        "197": [
            0.1,
            0.0
        ],
        "203": [
            -0.1,
            0.15
        ],
        "205": [
            0.0,
            0.0
        ],
        "207": [
            0.0,
            0.0
        ],
        "208": [
            0.0,
            0.0
        ],
        "209": [
            0.0,
            0.0
        ],
        "217": [
            0.75,
            0.7
        ],
        "218": [
            -0.7,
            0.9
        ],
        "221": [
            0.0,
            0.0
        ],
        "228": [
            0.0,
            0.0
        ],
        "230": [
            0.0,
            0.0
        ],
        "231": [
            -0.625,
            0.1
        ],
        "232": [
            0.325,
            0.3
        ],
        "234": [
            0.1675,
            0.2625
        ],
        "236": [
            0.0,
            0.0
        ],
        "237": [
            -0.4,
            0.1
        ],
        "238": [
            0.0,
            0.0
        ],
        "239": [
            0.0,
            0.0
        ],
        "241": [
            0.0,
            0.2
        ],
        "242": [
            0.7,
            0.9
        ],
        "244": [
            0.0,
            0.0
        ],
        "245": [
            0.0,
            0.0
        ],
        "246": [
            0.0,
            0.0
        ],
        "247": [
            -0.1,
            0.1
        ],
        "248": [
            0.0,
            0.0
        ],
        "250": [
            -0.15666666666666668,
            0.32333333333333336
        ],
        "252": [
            0.0,
            0.0
        ],
        "253": [
            0.0,
            0.0
        ],
        "254": [
            0.0,
            0.0
        ],
        "255": [
            0.0,
            0.0
        ],
        "256": [
            0.7,
            0.7
        ],
        "257": [
            -0.225,
            0.15
        ],
        "258": [
            0.5,
            0.9
        ],
        "259": [
            0.506,
            0.48
        ],
        "261": [
            0.5,
            1.0
        ],
        "262": [
            0.5,
            1.0
        ],
        "263": [
            0.50625,
            0.35
        ],
        "264": [
            0.0,
            0.0
        ],
        "266": [
            -0.4,
            0.1
        ],
        "267": [
            0.0,
            0.0
        ],
        "269": [
            0.0,
            0.0
        ],
        "271": [
            0.0,
            0.0
        ],
        "272": [
            0.0,
            0.0
        ],
        "273": [
            0.0,
            0.0
        ],
        "274": [
            0.4166666666666667,
            0.36666666666666664
        ],
        "275": [
            0.0,
            0.0
        ],
        "277": [
            0.0,
            0.0
        ],
        "278": [
            -0.1892857142857143,
            0.2357142857142857
        ],
        "279": [
            0.0,
            0.0
        ],
        "280": [
            0.0,
            0.0
        ],
        "282": [
            -0.1,
            0.15
        ],
        "284": [
            0.0,
            0.0
        ],
        "285": [
            -0.025999999999999995,
            0.27999999999999997
        ],
        "286": [
            0.0,
            0.0
        ],
        "287": [
            0.0,
            0.0
        ],
        "289": [
            0.275,
            0.35
        ],
        "297": [
            0.0,
            0.0
        ],
        "298": [
            0.4470703125,
            0.3
        ],
        "300": [
            0.13333333333333333,
            0.049999999999999996
        ],
        "301": [
            -0.5,
            0.15
        ],
        "303": [
            0.0,
            0.0
        ],
        "305": [
            0.0,
            0.0
        ],
        "306": [
            0.0,
            0.0
        ],
        "307": [
            0.0,
            0.0
        ],
        "308": [
            0.42499999999999993,
            0.7000000000000001
        ],
        "310": [
            0.0,
            0.0
        ],
        "311": [
            0.325,
            0.275
        ],
        "312": [
            0.0,
            0.0
        ],
        "318": [
            0.0,
            0.0
        ],
        "319": [
            -0.07,
            0.1
        ],
        "320": [
            0.0,
            0.0
        ],
        "323": [
            0.0,
            0.0
        ],
        "325": [
            0.0,
            0.0
        ],
        "326": [
            0.0,
            0.0
        ],
        "327": [
            0.0,
            0.0
        ],
        "328": [
            0.0,
            0.0
        ],
        "330": [
            0.0,
            0.0
        ],
        "332": [
            0.0,
            0.0
        ],
        "334": [
            0.0,
            0.0
        ],
        "336": [
            0.0,
            0.0
        ],
        "341": [
            0.4,
            0.15
        ],
        "342": [
            0.0,
            0.0
        ],
        "345": [
            0.0,
            0.0
        ],
        "346": [
            0.15000000000000002,
            0.05
        ],
        "347": [
            0.325,
            0.3
        ],
        "349": [
            0.0,
            0.0
        ],
        "350": [
            0.0,
            0.0
        ],
        "351": [
            0.0,
            0.0
        ],
        "353": [
            0.0,
            0.0
        ],
        "354": [
            -0.5,
            0.1
        ],
        "357": [
            0.08333333333333331,
            0.3
        ],
        "358": [
            0.0,
            0.0
        ],
        "360": [
            -0.4,
            0.4
        ],
        "361": [
            0.0,
            0.0
        ],
        "364": [
            0.0,
            0.0
        ],
        "366": [
            0.0,
            0.0
        ],
        "367": [
            0.6,
            0.5
        ],
        "368": [
            0.275,
            0.125
        ],
        "374": [
            0.0,
            0.0
        ],
        "375": [
            0.0,
            0.0
        ],
        "376": [
            0.0,
            0.0
        ],
        "381": [
            0.0,
            0.0
        ],
        "383": [
            0.08333333333333333,
            0.3666666666666667
        ],
        "386": [
            -0.08999999999999998,
            0.425
        ],
        "390": [
            0.0,
            0.0
        ],
        "392": [
            0.0,
            0.0
        ],
        "393": [
            0.0,
            0.0
        ],
        "397": [
            0.0,
            0.0
        ],
        "400": [
            0.55,
            0.5
        ],
        "402": [
            0.0,
            0.0
        ],
        "405": [
            0.0,
            0.0
        ],
        "407": [
            0.0,
            0.0
        ],
        "410": [
            -0.35,
            0.7
        ],
        "411": [
            0.0,
            0.0
        ],
        "412": [
            0.0,
            0.0
        ],
        "414": [
            0.0,
            0.0
        ],
        "415": [
            0.225,
            0.45
        ],
        "417": [
            0.5,
            1.0
        ],
        "418": [
            0.0,
            0.0
        ],
        "419": [
            0.0,
            0.0
        ],
        "420": [
            0.65,
            0.6
        ],
        "421": [
            0.0,
            0.0
        ],
        "424": [
            0.0,
            0.0
        ],
        "425": [
            0.0,
            0.0
        ],
        "428": [
            0.0,
            0.0
        ],
        "429": [
            -1.0,
            1.0
        ],
        "430": [
            0.0,
            0.0
        ],
        "431": [
            0.0,
            0.0
        ],
        "432": [
            0.0,
            0.0
        ],
        "435": [
            0.0,
            0.0
        ],
        "436": [
            0.0,
            0.0
        ],
        "440": [
            0.5,
            0.5
        ],
        "441": [
            0.4,
            0.0
        ],
        "445": [
            0.0,
            0.0
        ],
        "446": [
            0.0,
            0.0
        ],
        "448": [
            0.0,
            0.0
        ],
        "450": [
            0.0,
            0.0
        ],
        "451": [
            0.0,
            0.0
        ],
        "453": [
            0.0,
            0.0
        ],
        "456": [
            0.4,
            0.15
        ],
        "457": [
            0.0,
            0.0
        ],
        "462": [
            0.0,
            0.0
        ],
        "463": [
            0.0,
            0.0
        ],
        "465": [
            0.0,
            0.0
        ],
        "466": [
            0.0,
            0.0
        ],
        "467": [
            0.0,
            0.0
        ],
        "469": [
            0.0,
            0.0
        ],
        "470": [
            0.0,
            0.0
        ],
        "471": [
            0.08333333333333336,
            0.19999999999999998
        ],
        "472": [
            0.0,
            0.0
        ],
        "473": [
            0.0,
            0.0
        ],
        "476": [
            0.0,
            0.0
        ],
        "478": [
            0.0,
            0.0
        ],
        "479": [
            0.0,
            0.0
        ],
        "480": [
            0.0,
            0.0
        ],
        "481": [
            0.0,
            0.0
        ],
        "482": [
            0.0,
            0.0
        ],
        "483": [
            0.0,
            0.0
        ],
        "485": [
            0.0,
            0.0
        ],
        "486": [
            0.0,
            0.0
        ],
        "487": [
            0.0,
            0.0
        ],
        "491": [
            0.0,
            0.0
        ],
        "493": [
            0.4266666666666667,
            0.43333333333333335
        ],
        "495": [
            0.7,
            0.9
        ],
        "496": [
            0.5,
            0.15
        ],
        "497": [
            0.0,
            0.0
        ],
        "502": [
            -0.5,
            0.6
        ],
        "504": [
            0.44333333333333336,
            0.5499999999999999
        ],
        "507": [
            0.26,
            0.26666666666666666
        ],
        "510": [
            0.0,
            0.0
        ],
        "514": [
            -0.3,
            -0.6
        ],
        "516": [
            -0.2,
            0.125
        ],
        "518": [
            0.0,
            0.0
        ],
        "519": [
            0.0,
            0.0
        ],
        "522": [
            0.0,
            0.0
        ],
        "524": [
            0.0,
            0.0
        ],
        "525": [
            0.65,
            0.6
        ],
        "529": [
            0.0,
            0.0
        ],
        "531": [
            0.0,
            0.0
        ],
        "532": [
            0.0,
            0.0
        ],
        "533": [
            0.0,
            0.0
        ],
        "537": [
            0.0,
            0.0
        ],
        "540": [
            0.0,
            0.0
        ],
        "541": [
            0.0,
            0.0
        ],
        "543": [
            0.0,
            0.0
        ],
        "544": [
            0.0,
            0.0
        ],
        "546": [
            0.0,
            0.0
        ],
        "550": [
            0.0,
            0.0
        ],
        "552": [
            0.0,
            0.0
        ],
        "555": [
            1.0,
            1.0
        ],
        "556": [
            0.1,
            0.0
        ],
        "557": [
            0.0,
            0.0
        ],
        "559": [
            0.0,
            0.0
        ],
        "564": [
            0.0,
            0.0
        ],
        "566": [
            0.32,
            0.35
        ],
        "567": [
            0.0,
            0.0
        ],
        "573": [
            0.25916666666666666,
            0.25333333333333335
        ],
        "574": [
            0.365,
            0.25
        ],
        "575": [
            0.0,
            0.0
        ],
        "577": [
            0.0,
            0.0
        ],
        "579": [
            0.0,
            0.0
        ],
        "582": [
            0.0,
            0.0
        ],
        "583": [
            0.0,
            0.0
        ],
        "585": [
            0.0,
            0.0
        ],
        "586": [
            0.0,
            0.0
        ],
        "587": [
            0.0,
            0.0
        ],
        "588": [
            0.0,
            0.0
        ],
        "590": [
            0.23928571428571427,
            0.32857142857142857
        ]
    },
    "petit_jardin": {
        "0": [
            -0.09833333333333333,
            0.4222222222222223
        ],
        "1": [
            0.5249999999999999,
            0.7437500000000001
        ],
        "2": [
            -0.46125,
            0.6625
        ],
        "3": [
            0.6178571428571429,
            0.9142857142857144
        ],
        "4": [
            0.2745,
            0.5800000000000001
        ],
        "5": [
            0.48125,
            0.80625
        ],
        "6": [
            0.4714285714285714,
            0.8142857142857143
        ],
        "7": [
            -0.42333333333333334,
            0.6388888888888888
        ],
        "8": [
            0.11125,
            0.48125
        ],
        "9": [
            0.355,
            0.545
        ],
        "10": [
            0.6062500000000001,
            0.8333333333333334
        ],
        "11": [
            0.6166666666666667,
            0.7333333333333333
        ],
        "12": [
            0.4758333333333334,
            0.5444444444444443
        ],
        "14": [
            0.6666666666666666,
            0.9333333333333335
        ],
        "15": [
            0.24,
            0.26
        ],
        "16": [
            0.7,
            0.7
        ],
        "17": [
            0.3409090909090909,
            0.640909090909091
        ],
        "18": [
            0.26425,
            0.3815
        ],
        "19": [
            0.04499999999999999,
            0.6857142857142857
        ],
        "20": [
            -0.5033333333333333,
            0.5
        ],
        "21": [
            0.52,
            0.7666666666666666
        ],
        "22": [
            0.5166666666666667,
            0.7999999999999999
        ],
        "23": [
            0.36888888888888893,
            0.6000000000000001
        ],
        "24": [
            0.2581818181818182,
            0.4636363636363637
        ],
        "25": [
            0.19066666666666665,
            0.4333333333333334
        ],
        "26": [
            0.42888888888888893,
            0.5722222222222223
        ],
        "27": [
            -1.0,
            1.0
        ],
        "28": [
            0.4911111111111112,
            0.5777777777777778
        ],
        "29": [
            0.5018181818181818,
            0.7181818181818183
        ],
        "30": [
            0.3445454545454546,
            2.181818181818181
        ],
        "31": [
            0.229,
            0.6599999999999999
        ],
        "32": [
            0.5574999999999999,
            0.6800000000000002
        ],
        "33": [
            0.5858333333333333,
            0.6333333333333334
        ],
        "34": [
            -0.10777777777777778,
            0.3861111111111111
        ],
        "35": [
            0.16550000000000004,
            0.4800000000000001
        ],
        "36": [
            0.15315789473684208,
            1.2421052631578944
        ],
        "37": [
            0.59375,
            0.9249999999999999
        ],
        "38": [
            0.32583333333333336,
            0.42666666666666675
        ],
        "39": [
            0.402,
            0.6650000000000001
        ],
        "40": [
            0.35863636363636364,
            0.5090909090909091
        ],
        "41": [
            0.5166666666666666,
            0.6166666666666667
        ],
        "42": [
            0.045625697544642865,
            0.4642857142857143
        ],
        "43": [
            -0.5388235294117647,
            0.6176470588235294
        ],
        "44": [
            0.0625,
            0.05
        ],
        "45": [
            0.49615384615384617,
            0.6576923076923078
        ],
        "46": [
            -0.20395833333333332,
            0.41875
        ],
        "47": [
            0.4014285714285714,
            0.7928571428571429
        ],
        "48": [
            0.4585714285714286,
            1.8107142857142855
        ],
        "49": [
            0.34607142857142853,
            0.5428571428571429
        ],
        "50": [
            0.29625,
            0.525
        ],
        "51": [
            0.15125,
            0.5125
        ],
        "52": [
            0.5,
            0.9
        ],
        "53": [
            0.5,
            0.9
        ],
        "54": [
            0.20015624999999998,
            0.41625000000000006
        ],
        "55": [
            0.06884615384615385,
            0.3442307692307693
        ],
        "56": [
            0.5,
            0.9
        ],
        "57": [
            0.56875,
            0.7666666666666667
        ],
        "59": [
            0.29281250000000003,
            0.44375
        ],
        "60": [
            0.45249999999999996,
            0.6750000000000002
        ],
        "61": [
            0.40750000000000003,
            0.6458333333333335
        ],
        "62": [
            0.5599999999999999,
            0.8800000000000001
        ],
        "63": [
            -0.36333333333333334,
            0.5777777777777778
        ],
        "64": [
            0.09777777777777777,
            0.3277777777777778
        ],
        "65": [
            0.21200000000000008,
            0.37333333333333335
        ],
        "66": [
            -0.07923809523809523,
            0.41047619047619044
        ],
        "67": [
            0.6700000000000002,
            0.75
        ],
        "68": [
            0.0,
            0.0
        ],
        "69": [
            0.10615384615384614,
            0.31538461538461543
        ],
        "70": [
            0.22999999999999995,
            0.48157894736842105
        ],
        "71": [
            0.38764705882352934,
            1.6029411764705879
        ],
        "72": [
            0.21000000000000002,
            0.43714285714285717
        ],
        "73": [
            0.64,
            0.8799999999999999
        ],
        "74": [
            0.3361538461538461,
            0.4984615384615385
        ],
        "75": [
            -0.006071428571428569,
            0.6428571428571429
        ],
        "76": [
            0.38333333333333336,
            0.5611111111111112
        ],
        "77": [
            0.17000000000000004,
            0.4363636363636363
        ],
        "78": [
            0.525,
            0.628125
        ],
        "79": [
            0.5,
            0.9
        ],
        "80": [
            0.4425,
            0.6
        ],
        "81": [
            0.30692307692307697,
            0.4961538461538462
        ],
        "82": [
            0.1996875,
            0.5171875
        ],
        "83": [
            0.3188095238095238,
            0.5571428571428572
        ],
        "84": [
            0.525,
            0.7666666666666666
        ],
        "86": [
            0.26217391304347826,
            0.35630434782608694
        ],
        "87": [
            0.0,
            0.0
        ],
        "88": [
            0.4666666666666666,
            0.7833333333333333
        ],
        "89": [
            0.04416666666666667,
            0.5166666666666667
        ],
        "90": [
            0.3096153846153846,
            0.6053846153846154
        ],
        "91": [
            0.16875,
            0.5625
        ],
        "92": [
            0.0,
            0.0
        ],
        "93": [
            0.518,
            0.7400000000000001
        ],
        "94": [
            0.16909090909090907,
            0.39999999999999997
        ],
        "95": [
            0.233,
            0.6050000000000001
        ],
        "96": [
            0.5,
            0.9
        ],
        "97": [
            0.24249999999999997,
            0.5437500000000001
        ],
        "98": [
            0.05249999999999999,
            0.23055555555555557
        ],
        "99": [
            -0.11472222222222224,
            0.4388888888888889
        ],
        "100": [
            0.1903125,
            0.43625
        ],
        "102": [
            -0.10857142857142857,
            0.43571428571428567
        ],
        "103": [
            0.33499999999999996,
            0.45625000000000004
        ],
        "104": [
            0.6,
            0.7833333333333332
        ],
        "106": [
            0.28625,
            0.508125
        ],
        "107": [
            0.5225,
            0.7285714285714286
        ],
        "108": [
            0.2511538461538461,
            0.5615384615384617
        ],
        "110": [
            0.4580555555555555,
            0.5583333333333335
        ],
        "111": [
            0.4713333333333333,
            1.773333333333333
        ],
        "112": [
            -0.064,
            0.442
        ],
        "113": [
            0.324,
            0.42000000000000004
        ],
        "114": [
            0.0,
            0.0
        ],
        "115": [
            -0.30222222222222217,
            0.611111111111111
        ]
    },
    "shampoo_men": {
        "0": [
            0.0,
            0.0
        ],
        "1": [
            0.0,
            0.0
        ],
        "2": [
            0.0,
            0.0
        ],
        "3": [
            0.0,
            0.0
        ],
        "4": [
            0.0,
            0.0
        ],
        "5": [
            0.0,
            0.0
        ],
        "6": [
            0.0,
            0.0
        ],
        "7": [
            0.0,
            0.0
        ],
        "8": [
            0.0,
            0.0
        ],
        "9": [
            0.0,
            0.0
        ],
        "10": [
            0.0,
            0.0
        ],
        "11": [
            0.0,
            0.0
        ],
        "12": [
            0.0,
            0.0
        ],
        "13": [
            0.0,
            0.0
        ],
        "14": [
            0.0,
            0.0
        ],
        "15": [
            0.0,
            0.0
        ],
        "16": [
            0.0,
            0.0
        ],
        "17": [
            0.0,
            0.0
        ],
        "18": [
            0.0,
            0.0
        ],
        "19": [
            0.0,
            0.0
        ],
        "20": [
            0.0,
            0.0
        ],
        "21": [
            0.0,
            0.0
        ],
        "22": [
            0.0,
            0.0
        ],
        "23": [
            0.0,
            0.0
        ],
        "24": [
            0.0,
            0.0
        ],
        "25": [
            0.0,
            0.0
        ],
        "26": [
            0.0,
            0.0
        ],
        "27": [
            0.0,
            0.0
        ],
        "29": [
            0.0,
            0.0
        ],
        "30": [
            0.0,
            0.0
        ],
        "31": [
            0.0,
            0.0
        ],
        "32": [
            0.0,
            0.0
        ],
        "33": [
            0.0,
            0.0
        ],
        "34": [
            0.0,
            0.0
        ],
        "35": [
            0.0,
            0.0
        ],
        "36": [
            0.0,
            0.0
        ],
        "37": [
            0.0,
            0.0
        ],
        "38": [
            0.0,
            0.0
        ],
        "39": [
            0.0,
            0.0
        ],
        "40": [
            0.0,
            0.0
        ],
        "41": [
            0.0,
            0.0
        ],
        "42": [
            0.0,
            0.0
        ],
        "43": [
            0.0,
            0.0
        ],
        "44": [
            0.0,
            0.0
        ],
        "45": [
            0.0,
            0.0
        ],
        "46": [
            0.0,
            0.0
        ],
        "47": [
            0.0,
            0.0
        ],
        "48": [
            0.0,
            0.0
        ],
        "49": [
            0.0,
            0.0
        ],
        "50": [
            0.0,
            0.0
        ],
        "51": [
            0.0,
            0.0
        ],
        "52": [
            0.0,
            0.0
        ],
        "53": [
            0.0,
            0.0
        ],
        "54": [
            0.0,
            0.0
        ],
        "55": [
            0.0,
            0.0
        ],
        "56": [
            0.0,
            0.0
        ],
        "57": [
            0.0,
            0.0
        ],
        "58": [
            0.0,
            0.0
        ],
        "59": [
            0.0,
            0.0
        ],
        "60": [
            0.0,
            0.0
        ],
        "61": [
            0.0,
            0.0
        ]
    },
    "shampoo_women_1l": {
        "0": [
            0.0,
            0.0
        ],
        "1": [
            0.0,
            0.0
        ],
        "2": [
            0.0,
            0.0
        ],
        "3": [
            0.0,
            0.0
        ],
        "4": [
            0.0,
            0.0
        ],
        "5": [
            0.0,
            0.0
        ],
        "6": [
            0.0,
            0.0
        ],
        "7": [
            0.0,
            0.0
        ],
        "8": [
            0.0,
            0.0
        ],
        "9": [
            0.0,
            0.0
        ],
        "10": [
            0.0,
            0.0
        ],
        "11": [
            0.0,
            0.0
        ],
        "12": [
            0.0,
            0.0
        ],
        "13": [
            0.0,
            0.0
        ],
        "14": [
            0.0,
            0.0
        ],
        "15": [
            0.0,
            0.0
        ],
        "16": [
            0.0,
            0.0
        ],
        "17": [
            0.0,
            0.0
        ],
        "18": [
            0.0,
            0.0
        ],
        "19": [
            0.0,
            0.0
        ],
        "20": [
            0.0,
            0.0
        ],
        "21": [
            0.0,
            0.0
        ],
        "22": [
            0.0,
            0.0
        ],
        "23": [
            0.0,
            0.0
        ],
        "24": [
            0.0,
            0.0
        ]
    },
    "shampoo_women_5l": {
        "0": [
            0.0,
            0.0
        ],
        "1": [
            0.0,
            0.0
        ],
        "2": [
            0.0,
            0.0
        ],
        "3": [
            0.0,
            0.0
        ],
        "4": [
            0.0,
            0.0
        ],
        "5": [
            0.0,
            0.0
        ],
        "6": [
            0.0,
            0.0
        ],
        "7": [
            0.0,
            0.0
        ],
        "8": [
            0.0,
            0.0
        ],
        "9": [
            0.0,
            0.0
        ],
        "10": [
            0.0,
            0.0
        ],
        "11": [
            0.0,
            0.0
        ],
        "12": [
            0.0,
            0.0
        ],
        "13": [
            0.0,
            0.0
        ],
        "14": [
            0.0,
            0.0
        ],
        "15": [
            0.0,
            0.0
        ],
        "16": [
            0.0,
            0.0
        ],
        "17": [
            0.0,
            0.0
        ],
        "18": [
            0.0,
            0.0
        ],
        "19": [
            0.0,
            0.0
        ],
        "20": [
            0.0,
            0.0
        ],
        "21": [
            0.0,
            0.0
        ],
        "22": [
            0.0,
            0.0
        ],
        "23": [
            0.0,
            0.0
        ],
        "24": [
            0.0,
            0.0
        ],
        "25": [
            0.0,
            0.0
        ],
        "26": [
            0.0,
            0.0
        ],
        "27": [
            0.0,
            0.0
        ],
        "28": [
            0.0,
            0.0
        ],
        "29": [
            0.0,
            0.0
        ],
        "30": [
            0.0,
            0.0
        ],
        "31": [
            0.0,
            0.0
        ],
        "32": [
            0.0,
            0.0
        ],
        "33": [
            0.0,
            0.0
        ],
        "34": [
            0.0,
            0.0
        ],
        "35": [
            0.0,
            0.0
        ],
        "36": [
            0.0,
            0.0
        ],
        "37": [
            0.0,
            0.0
        ],
        "38": [
            0.0,
            0.0
        ],
        "39": [
            0.0,
            0.0
        ],
        "40": [
            0.0,
            0.0
        ],
        "41": [
            0.0,
            0.0
        ],
        "42": [
            0.0,
            0.0
        ],
        "43": [
            0.0,
            0.0
        ],
        "44": [
            0.0,
            0.0
        ],
        "45": [
            0.0,
            0.0
        ],
        "46": [
            0.0,
            0.0
        ],
        "47": [
            0.0,
            0.0
        ],
        "49": [
            0.0,
            0.0
        ],
        "50": [
            0.0,
            0.0
        ],
        "51": [
            0.0,
            0.0
        ],
        "52": [
            0.0,
            0.0
        ],
        "53": [
            0.0,
            0.0
        ],
        "54": [
            0.0,
            0.0
        ],
        "55": [
            0.0,
            0.0
        ],
        "56": [
            0.0,
            0.0
        ],
        "57": [
            0.0,
            0.0
        ],
        "58": [
            0.0,
            0.0
        ],
        "59": [
            0.0,
            0.0
        ],
        "60": [
            0.0,
            0.0
        ],
        "61": [
            0.0,
            0.0
        ],
        "62": [
            0.0,
            0.0
        ],
        "63": [
            0.0,
            0.0
        ],
        "64": [
            0.0,
            0.0
        ],
        "65": [
            0.0,
            0.0
        ]
    },
    "victor_ferry": {
        "0": [
            0.3333333333333333,
            0.7333333333333334
        ],
        "1": [
            0.2426363636363636,
            0.3963636363636364
        ],
        "2": [
            0.49333333333333335,
            0.39999999999999997
        ],
        "3": [
            -0.13166666666666668,
            0.26666666666666666
        ],
        "5": [
            -0.4000000000000001,
            0.3666666666666667
        ],
        "6": [
            0.3385714285714286,
            0.36571428571428577
        ],
        "7": [
            -0.23000000000000004,
            0.43999999999999995
        ],
        "8": [
            0.37500000000000006,
            0.5333333333333333
        ],
        "9": [
            0.5066666666666667,
            0.6000000000000001
        ],
        "10": [
            0.33999999999999997,
            0.38749999999999996
        ],
        "11": [
            0.15630434782608696,
            0.27565217391304353
        ],
        "12": [
            0.4533333333333333,
            0.43333333333333335
        ],
        "13": [
            0.14999999999999997,
            0.3285714285714286
        ],
        "14": [
            0.5,
            0.7000000000000001
        ],
        "15": [
            0.27555555555555555,
            2.2499999999999996
        ],
        "16": [
            0.315,
            0.3066666666666667
        ],
        "17": [
            0.6000000000000001,
            0.675
        ],
        "18": [
            -0.39375,
            0.5125
        ],
        "19": [
            0.15599999999999997,
            0.30999999999999994
        ],
        "20": [
            0.3666666666666667,
            0.6333333333333334
        ],
        "21": [
            0.012857142857142857,
            0.28214285714285714
        ],
        "22": [
            0.37,
            0.547142857142857
        ],
        "23": [
            0.26999999999999996,
            0.35833333333333334
        ],
        "24": [
            0.016470588235294133,
            0.438235294117647
        ],
        "25": [
            0.35,
            0.5
        ],
        "26": [
            0.640625,
            0.9
        ],
        "27": [
            0.4972222222222222,
            0.4555555555555556
        ],
        "28": [
            0.49399999999999994,
            0.56
        ],
        "29": [
            0.21999999999999997,
            0.3294117647058824
        ],
        "30": [
            0.27454545454545454,
            0.26363636363636367
        ],
        "31": [
            0.305,
            0.3875
        ],
        "32": [
            0.56,
            0.6
        ],
        "33": [
            0.443125,
            0.47500000000000003
        ],
        "34": [
            0.20866666666666667,
            0.29666666666666663
        ],
        "36": [
            0.16499999999999998,
            0.4125
        ]
    }
}