{
    "mattress": {
        "0": [
            -0.75,
            1.0
        ],
        "1": [
            0.28437500000000004,
            0.565625
        ],
        "2": [
            -1.0,
            1.0
        ],
        "3": [
            0.33194444444444443,
            0.5901388888888889
        ],
        "4": [
            -0.325,
            0.775
        ],
        "5": [
            0.21853174603174608,
            0.6186507936507936
        ],
        "6": [
            0.4875,
            0.575
        ],
        "7": [
            -0.39999999999999997,
            0.6
        ],
        "8": [
            0.62,
            0.6199999999999999
        ],
        "9": [
            0.8125,
            0.9
        ],
        "10": [
            -0.225,
            0.7583333333333333
        ],
        "11": [
            0.49111111111111105,
            0.7999999999999999
        ],
        "12": [
            0.76,
            1.0
        ],
        "13": [
            0.06041666666666667,
            0.3802083333333333
        ],
        "14": [
            0.5047619047619049,
            0.6238095238095237
        ],
        "15": [
            0.11453205128205128,
            0.5258717948717948
        ],
        "16": [
            0.46955128205128205,
            0.6247863247863248
        ],
        "17": [
            -0.10416666666666666,
            0.5891666666666666
        ],
        "18": [
            0.21010101010101012,
            0.48686868686868684
        ],
        "19": [
            0.45555555555555555,
            0.5527777777777778
        ],
        "20": [
            0.5666666666666667,
            0.7466666666666668
        ],
        "21": [
            0.21376488095238091,
            0.5822420634920635
        ],
        "22": [
            0.4883333333333334,
            0.753095238095238
        ],
        "23": [
            0.16875,
            0.7272727272727274
        ],
        "24": [
            0.6666666666666666,
            0.7999999999999999
        ],
        "26": [
            0.44999999999999996,
            0.8125000000000001
        ],
        "27": [
            0.35125,
            0.4675
        ],
        "28": [
            0.04903273809523808,
            0.4672619047619047
        ],
        "29": [
            0.19475308641975309,
            0.5441358024691358
        ],
        "30": [
            0.675,
            0.7374999999999999
        ],
        "31": [
            -0.16666666666666663,
            0.6777777777777777
        ],
        "32": [
            0.14015993265993265,
            0.5484511784511784
        ],
        "33": [
            0.5857142857142856,
            0.7714285714285715
        ],
        "34": [
            0.5307291666666667,
            0.6989583333333333
        ],
        "35": [
            0.3856363636363636,
            0.6644545454545454
        ],
        "36": [
            -0.15,
            0.33749999999999997
        ],
        "37": [
            0.33056389790764795,
            0.5527592893217893
        ],
        "38": [
            0.16354166666666664,
            0.44833333333333336
        ],
        "39": [
            0.35555555555555557,
            0.4527777777777778
        ],
        "40": [
            0.4166666666666667,
            0.65
        ],
        "41": [
            0.2,
            0.55
        ],
        "42": [
            0.6,
            0.8666666666666667
        ],
        "43": [
            -0.09999999999999998,
            0.875
        ],
        "44": [
            0.3666666666666667,
            0.6333333333333333
        ],
        "45": [
            0.5814814814814815,
            0.6361111111111111
        ],
        "46": [
            0.16904761904761903,
            0.2961309523809524
        ],
        "47": [
            0.9333333333333332,
            0.9166666666666666
        ],
        "48": [
            0.1487096774193548,
            0.5094802867383512
        ],
        "49": [
            0.76,
            1.0
        ]
    },
    "no_mans_sky": {
        "0": [
            0.012499999999999983,
            0.40972222222222227
        ],
        "1": [
            0.22575000000000003,
            0.573
        ],
        "2": [
            0.35,
            0.65
        ],
        "5": [
            0.6,
            1.0
        ],
        "7": [
            0.26666666666666666,
            0.8333333333333334
        ],
        "10": [
            0.425,
            0.825
        ],
        "11": [
            0.35,
            0.65
        ],
        "13": [
            0.01851851851851852,
            0.5364197530864199
        ],
        "14": [
            0.05081168831168831,
            0.5152339723768293
        ],
        "17": [
            0.0,
            0.0
        ],
        "21": [
            0.0,
            0.0
        ],
        "23": [
            0.13636363636363635,
            0.5
        ],
        "24": [
            0.375,
            0.6666666666666666
        ],
        "26": [
            0.04288888888888888,
            0.6374814814814815
        ],
        "27": [
            0.5,
            1.0
        ],
        "28": [
            0.43333333333333335,
            0.46666666666666673
        ],
        "34": [
            0.2,
            0.2
        ],
        "35": [
            0.0,
            0.0
        ],
        "36": [
            0.9099999999999999,
            0.7800000000000001
        ],
        "41": [
            -0.15666666666666668,
            0.545
        ],
        "42": [
            0.07850378787878787,
            0.5286931818181818
        ],
        "43": [
            0.0831730769230769,
            0.510576923076923
        ],
        "44": [
            0.39404761904761904,
            0.7571428571428571
        ],
        "46": [
            -0.13863636363636364,
            0.47803030303030297
        ],
        "47": [
            0.008333333333333323,
            0.5083333333333333
        ],
        "48": [
            0.15000000000000002,
            0.575
        ],
        "49": [
            0.16666666666666669,
            0.65
        ],
        "50": [
            0.0,
            0.0
        ],
        "51": [
            0.03,
            0.38
        ],
        "55": [
            0.2285714285714286,
            0.6821428571428572
        ],
        "57": [
            0.5,
            0.5
        ],
        "58": [
            0.1,
            0.5625
        ],
        "61": [
            -0.011164772727272732,
            0.41059659090909095
        ],
        "62": [
            0.021875000000000006,
            0.54
        ],
        "65": [
            0.0357142857142857,
            0.5428571428571428
        ],
        "67": [
            0.41,
            0.73
        ],
        "69": [
            0.1141233766233766,
            0.4535064935064935
        ],
        "71": [
            -0.2729166666666667,
            0.5854166666666666
        ],
        "73": [
            0.033333333333333326,
            0.6333333333333333
        ],
        "74": [
            0.7,
            0.6000000000000001
        ],
        "75": [
            -0.4,
            0.4
        ],
        "76": [
            0.0,
            0.0
        ],
        "78": [
            0.08750000000000002,
            0.575
        ],
        "79": [
            0.024999999999999994,
            0.4
        ],
        "82": [
            0.012499999999999989,
            0.45499999999999996
        ],
        "83": [
            0.0,
            0.0
        ],
        "85": [
            0.3,
            0.7166666666666667
        ],
        "87": [
            -0.5,
            0.4
        ],
        "90": [
            0.030639730639730633,
            0.47390572390572383
        ],
        "91": [
            0.3,
            0.42000000000000004
        ],
        "95": [
            -0.11250000000000002,
            0.70625
        ],
        "96": [
            0.3666666666666667,
            0.5666666666666667
        ],
        "97": [
            0.16737179487179482,
            0.5246153846153846
        ],
        "98": [
            -0.025000000000000022,
            0.525
        ],
        "99": [
            0.2104166666666667,
            0.7125
        ],
        "100": [
            0.30999999999999994,
            0.7366666666666667
        ],
        "103": [
            0.21392045454545455,
            0.5880681818181819
        ],
        "104": [
            0.0017045454545454742,
            0.4684659090909092
        ],
        "105": [
            0.1036111111111111,
            0.4429166666666666
        ],
        "106": [
            0.25499999999999995,
            0.5900000000000001
        ],
        "107": [
            0.1395833333333333,
            0.6111111111111112
        ],
        "108": [
            0.25250000000000006,
            0.5988888888888888
        ],
        "109": [
            0.0,
            0.0
        ],
        "111": [
            0.017709359605911322,
            0.4619293924466337
        ],
        "112": [
            0.07524828113063406,
            0.46119174942704355
        ],
        "114": [
            -0.03333333333333336,
            0.5833333333333334
        ],
        "115": [
            0.0,
            0.0
        ],
        "118": [
            -0.016190476190476213,
            0.6690476190476191
        ],
        "119": [
            0.195,
            0.195
        ],
        "120": [
            0.17777777777777773,
            0.6333333333333333
        ],
        "121": [
            0.23333333333333336,
            0.6333333333333333
        ],
        "122": [
            -0.10722222222222223,
            0.3155555555555556
        ],
        "125": [
            1.0,
            1.0
        ],
        "126": [
            -0.17,
            0.49499999999999994
        ],
        "127": [
            0.07878787878787878,
            0.4515151515151515
        ],
        "128": [
            0.3,
            0.2
        ],
        "132": [
            0.0,
            0.0
        ],
        "134": [
            0.0,
            0.0
        ],
        "135": [
            -0.24791666666666667,
            0.5499999999999999
        ],
        "136": [
            -0.2375,
            0.290625
        ],
        "137": [
            0.07142857142857142,
            0.3952380952380952
        ],
        "139": [
            0.16666666666666666,
            0.5666666666666667
        ],
        "140": [
            0.0,
            0.0
        ],
        "143": [
            -0.037500000000000006,
            0.625
        ],
        "144": [
            0.1,
            0.4
        ],
        "145": [
            0.0,
            0.0
        ],
        "147": [
            0.0,
            0.0
        ],
        "148": [
            0.07583333333333334,
            0.47416666666666674
        ],
        "149": [
            -0.10113636363636364,
            0.581439393939394
        ],
        "150": [
            0.0813034188034188,
            0.5247863247863248
        ],
        "157": [
            0.0,
            0.0
        ],
        "160": [
            0.5,
            0.9
        ],
        "161": [
            0.2,
            0.55
        ],
        "163": [
            0.15000000000000002,
            0.575
        ],
        "164": [
            0.0,
            0.0
        ],
        "165": [
            0.14742424242424243,
            0.4725252525252525
        ],
        "166": [
            0.09999999999999998,
            0.7
        ],
        "168": [
            0.052083333333333315,
            0.40416666666666673
        ],
        "169": [
            0.0,
            0.0
        ],
        "173": [
            0.35,
            0.7875
        ],
        "178": [
            0.10000000000000003,
            0.65
        ],
        "180": [
            0.13833333333333334,
            0.5716666666666667
        ],
        "182": [
            0.25357142857142856,
            0.48214285714285715
        ],
        "183": [
            0.1638888888888889,
            0.5727777777777777
        ],
        "186": [
            0.0,
            0.0
        ],
        "187": [
            1.0,
            1.0
        ],
        "188": [
            0.7,
            0.6000000000000001
        ],
        "189": [
            0.04999999999999999,
            0.65
        ],
        "191": [
            0.55,
            0.75
        ],
        "192": [
            0.0,
            0.48
        ],
        "193": [
            0.7,
            0.6000000000000001
        ],
        "197": [
            -0.19375,
            0.6729166666666666
        ],
        "203": [
            -0.02291666666666667,
            0.525
        ],
        "205": [
            0.0035714285714285665,
            0.29404761904761906
        ],
        "207": [
            0.10488900634249466,
            0.5370331219168426
        ],
        "208": [
            0.0,
            0.0
        ],
        "209": [
            -0.4,
            0.4
        ],
        "217": [
            0.85,
            0.9666666666666667
        ],
        "218": [
            0.2864583333333333,
            0.45312500000000006
        ],
        "221": [
            0.65,
            0.2
        ],
        "228": [
            0.4,
            0.9
        ],
        "230": [
            0.2,
            0.575
        ],
        "231": [
            0.15999999999999998,
            0.61
        ],
        "232": [
            0.17564102564102563,
            0.45705128205128204
        ],
        "234": [
            -0.028171368861024042,
            0.5526854754440962
        ],
        "236": [
            0.5,
            0.6
        ],
        "237": [
            -0.025,
            0.45
        ],
        "238": [
            0.0,
            0.0
        ],
        "239": [
            0.04999999999999999,
            0.5
        ],
        "241": [
            0.2525,
            0.525
        ],
        "242": [
            0.14666666666666667,
            0.47333333333333333
        ],
        "244": [
            0.0,
            0.0
        ],
        "245": [
            0.3,
            0.35
        ],
        "246": [
            0.2333333333333333,
            0.4444444444444444
        ],
        "247": [
            0.14666666666666664,
            0.6749999999999999
        ],
        "248": [
            0.0,
            0.5678571428571428
        ],
        "250": [
            -0.03657680703135249,
            0.4315747383929203
        ],
        "252": [
            0.4666666666666666,
            0.7999999999999999
        ],
        "253": [
            0.030952380952380936,
            0.35595238095238096
        ],
        "254": [
            0.3,
            0.45
        ],
        "255": [
            0.14999999999999997,
            0.5
        ],
        "256": [
            0.033333333333333326,
            0.6333333333333333
        ],
        "257": [
            0.2028787878787879,
            0.5470813397129187
        ],
        "258": [
            0.32222222222222224,
            0.5222222222222223
        ],
        "259": [
            0.17990132990132984,
            0.5500858000858001
        ],
        "261": [
            0.5,
            1.0
        ],
        "262": [
            0.5,
            1.0
        ],
        "263": [
            0.05694444444444444,
            0.40972222222222215
        ],
        "264": [
            1.0,
            0.75
        ],
        "266": [
            -0.525,
            0.7
        ],
        "267": [
            0.5333333333333333,
            0.43333333333333335
        ],
        "269": [
            -0.4375,
            0.4
        ],
        "271": [
            -0.028571428571428564,
            0.7000000000000001
        ],
        "272": [
            0.14999999999999997,
            0.5
        ],
        "273": [
            0.0,
            0.0
        ],
        "274": [
            0.08333333333333333,
            0.6180555555555557
        ],
        "275": [
            -0.060000000000000005,
            0.61
        ],
        "277": [
            0.7,
            0.6000000000000001
        ],
        "278": [
            0.022857142857142847,
            0.5007142857142858
        ],
        "279": [
            0.05,
            0.47500000000000003
        ],
        "280": [
            -0.10999999999999999,
            0.7
        ],
        "282": [
            -0.008333333333333331,
            0.42500000000000004
        ],
        "284": [
            0.5833333333333333,
            0.69375
        ],
        "285": [
            0.04999999999999999,
            0.5
        ],
        "286": [
            0.3,
            0.35
        ],
        "287": [
            0.05000000000000001,
            0.5333333333333333
        ],
        "289": [
            0.3499999999999999,
            0.6666666666666666
        ],
        "297": [
            0.0,
            0.0
        ],
        "298": [
            0.1268688725490196,
            0.48333333333333334
        ],
        "300": [
            0.15555555555555556,
            0.5222222222222223
        ],
        "301": [
            -0.13666666666666666,
            0.44666666666666666
        ],
        "303": [
            0.26079545454545455,
            0.39431818181818185
        ],
        "305": [
            0.5,
            0.6
        ],
        "306": [
            0.18333333333333332,
            0.6666666666666666
        ],
        "307": [
            0.08333333333333333,
            0.46666666666666673
        ],
        "308": [
            0.125,
            0.5491228070175438
        ],
        "310": [
            0.0,
            0.0
        ],
        "311": [
            0.014076994434137282,
            0.532850185528757
        ],
        "312": [
            0.6,
            1.0
        ],
        "318": [
            0.25,
            0.25
        ],
        "319": [
            0.0,
            0.0
        ],
        "320": [
            0.2333333333333333,
            0.5666666666666667
        ],
        "323": [
            0.0,
            0.0
        ],
        "325": [
            0.0,
            0.0
        ],
        "326": [
            0.0,
            0.0
        ],
        "327": [
            0.3541666666666667,
            0.65
        ],
        "328": [
            0.5,
            0.5
        ],
        "330": [
            0.14999999999999997,
            0.5
        ],
        "332": [
            0.08333333333333333,
            0.42666666666666664
        ],
        "334": [
            0.059595959595959584,
            0.36161616161616167
        ],
        "336": [
            0.0,
            0.0
        ],
        "341": [
            0.25,
            0.6875
        ],
        "342": [
            0.7749999999999999,
            0.8
        ],
        "345": [
            0.10000000000000003,
            0.40833333333333327
        ],
        "346": [
            0.0,
            0.25
        ],
        "347": [
            0.23402255639097744,
            0.581390977443609
        ],
        "349": [
            0.11388888888888887,
            0.5
        ],
        "350": [
            0.2875,
            0.2
        ],
        "351": [
            -0.18333333333333335,
            0.6166666666666666
        ],
        "353": [
            0.0,
            0.0
        ],
        "354": [
            0.17611662531017375,
            0.44958643507030616
        ],
        "357": [
            -0.027083333333333348,
            0.5229999999999999
        ],
        "358": [
            0.08333333333333333,
            0.6749999999999999
        ],
        "360": [
            0.11633333333333336,
            0.6100000000000001
        ],
        "361": [
            -0.4,
            0.4
        ],
        "364": [
            0.0,
            0.0
        ],
        "366": [
            -0.3,
            0.3
        ],
        "367": [
            0.25499999999999995,
            0.5900000000000001
        ],
        "368": [
            -0.04047202797202798,
            0.49650349650349646
        ],
        "374": [
            0.34750000000000003,
            0.315
        ],
        "375": [
            0.15,
            0.4
        ],
        "376": [
            0.29090909090909095,
            0.5870129870129869
        ],
        "381": [
            0.0,
            0.0
        ],
        "383": [
            -0.3333333333333333,
            0.5
        ],
        "386": [
            0.028611111111111105,
            0.4682407407407408
        ],
        "390": [
            -0.17916666666666667,
            0.5479166666666666
        ],
        "392": [
            -0.7142857142857143,
            0.8571428571428571
        ],
        "393": [
            0.24999999999999997,
            0.5333333333333333
        ],
        "397": [
            -0.4,
            0.4
        ],
        "400": [
            1.0,
            1.0
        ],
        "402": [
            0.3,
            0.1
        ],
        "405": [
            0.25,
            0.35
        ],
        "407": [
            0.3,
            0.2
        ],
        "410": [
            -0.024999999999999994,
            0.4166666666666667
        ],
        "411": [
            0.23333333333333336,
            0.7666666666666666
        ],
        "412": [
            -0.4000000000000001,
            0.4000000000000001
        ],
        "414": [
            -0.2,
            0.2
        ],
        "415": [
            -0.010378787878787876,
            0.4909199134199134
        ],
        "417": [
            0.4,
            0.6
        ],
        "418": [
            0.3666666666666667,
            0.6
        ],
        "419": [
            -0.039999999999999994,
            0.73
        ],
        "420": [
            -0.06136363636363638,
            0.39814685314685316
        ],
        "421": [
            0.5,
            0.6
        ],
        "424": [
            0.3,
            0.7
        ],
        "425": [
            -0.13333333333333333,
            0.4666666666666666
        ],
        "428": [
            0.0,
            0.0
        ],
        "429": [
            -1.0,
            1.0
        ],
        "430": [
            0.06496865203761756,
            0.5179989550679207
        ],
        "431": [
            0.07777777777777778,
            0.5055555555555555
        ],
        "432": [
            0.3,
            0.35
        ],
        "435": [
            0.25499999999999995,
            0.5900000000000001
        ],
        "436": [
            0.0,
            0.0
        ],
        "440": [
            0.07142857142857142,
            0.6442857142857142
        ],
        "441": [
            -0.17142857142857146,
            0.5285714285714286
        ],
        "445": [
            0.0,
            0.0
        ],
        "446": [
            0.0,
            0.0
        ],
        "448": [
            1.0,
            0.3
        ],
        "450": [
            -0.05555555555555556,
            0.5777777777777778
        ],
        "451": [
            0.0,
            0.0
        ],
        "453": [
            0.2,
            0.575
        ],
        "456": [
            0.24833333333333332,
            0.46
        ],
        "457": [
            0.8,
            1.0
        ],
        "462": [
            0.14999999999999997,
            0.5
        ],
        "463": [
            0.325,
            0.65
        ],
        "465": [
            0.0,
            0.0
        ],
        "466": [
            0.384375,
            0.46875000000000006
        ],
        "467": [
            -0.10000000000000002,
            0.5
        ],
        "469": [
            0.7,
            0.6000000000000001
        ],
        "470": [
            0.0,
            0.0
        ],
        "471": [
            0.8,
            0.9
        ],
        "472": [
            0.26666666666666666,
            0.5333333333333333
        ],
        "473": [
            0.1708333333333333,
            0.4666666666666666
        ],
        "476": [
            -0.12875,
            0.37
        ],
        "478": [
            -0.4,
            0.4
        ],
        "479": [
            -0.6999999999999998,
            0.6666666666666666
        ],
        "480": [
            -0.125,
            0.23749999999999996
        ],
        "481": [
            0.04999999999999999,
            0.7
        ],
        "482": [
            0.10227272727272727,
            0.4409090909090909
        ],
        "483": [
            0.42000000000000004,
            0.44000000000000006
        ],
        "485": [
            0.43333333333333335,
            0.6166666666666667
        ],
        "486": [
            0.75,
            0.8
        ],
        "487": [
            0.875,
            0.6000000000000001
        ],
        "491": [
            0.07499999999999998,
            0.39642857142857146
        ],
        "493": [
            0.15,
            0.9
        ],
        "495": [
            0.08541666666666667,
            0.58125
        ],
        "496": [
            0.18125,
            0.5
        ],
        "497": [
            0.0,
            0.0
        ],
        "502": [
            -0.11136363636363633,
            0.6272727272727272
        ],
        "504": [
            0.03692279942279941,
            0.46674332611832614
        ],
        "507": [
            -0.14092261904761902,
            0.5008928571428573
        ],
        "510": [
            0.46875,
            0.2
        ],
        "514": [
            -0.8,
            1.0
        ],
        "516": [
            0.004861111111111101,
            0.49712301587301594
        ],
        "518": [
            0.2463636363636363,
            0.570909090909091
        ],
        "519": [
            0.2,
            0.575
        ],
        "522": [
            0.85,
            0.6900000000000002
        ],
        "524": [
            0.0,
            0.0
        ],
        "525": [
            0.025000000000000022,
            0.6833333333333332
        ],
        "529": [
            -0.13333333333333333,
            0.43333333333333335
        ],
        "531": [
            0.15,
            0.5166666666666667
        ],
        "532": [
            -0.11765873015873016,
            0.4646825396825398
        ],
        "533": [
            0.14944444444444444,
            0.5172222222222222
        ],
        "537": [
            0.3083333333333333,
            0.6833333333333333
        ],
        "540": [
            0.345,
            0.63
        ],
        "541": [
            0.1406666666666667,
            0.5737777777777777
        ],
        "543": [
            0.0,
            0.0
        ],
        "544": [
            0.3,
            0.4666666666666666
        ],
        "546": [
            -0.4,
            0.4
        ],
        "550": [
            0.3,
            0.5833333333333334
        ],
        "552": [
            0.3,
            0.35
        ],
        "555": [
            0.04999999999999999,
            0.45
        ],
        "556": [
            -0.018181818181818164,
            0.5235209235209235
        ],
        "557": [
            0.525,
            0.65
        ],
        "559": [
            0.275,
            0.55
        ],
        "564": [
            0.2715909090909091,
            0.6511363636363636
        ],
        "566": [
            -0.04833333333333336,
            0.45083333333333336
        ],
        "567": [
            1.0,
            1.0
        ],
        "573": [
            0.06562499999999999,
            0.525
        ],
        "574": [
            0.2333333333333333,
            0.3666666666666667
        ],
        "575": [
            -0.07833333333333334,
            0.7055555555555555
        ],
        "577": [
            -0.2,
            0.25
        ],
        "579": [
            0.845,
            0.8900000000000001
        ],
        "582": [
            0.2333333333333333,
            0.5
        ],
        "583": [
            0.25,
            0.55
        ],
        "585": [
            0.14999999999999997,
            0.5476190476190477
        ],
        "586": [
            0.19999999999999998,
            0.7999999999999999
        ],
        "587": [
            0.0,
            0.0
        ],
        "588": [
            0.0,
            0.0
        ],
        "590": [
            0.296875,
            0.78125
        ]
    },
    "petit_jardin": {
        "0": [
            -0.5115384615384615,
            0.6602564102564102
        ],
        "1": [
            0.8723809523809524,
            0.8971428571428571
        ],
        "2": [
            -0.5233766233766234,
            0.8714285714285713
        ],
        "3": [
            0.9647619047619048,
            0.9642857142857143
        ],
        "4": [
            0.8085714285714286,
            0.9169841269841269
        ],
        "5": [
            0.9216666666666667,
            0.9185714285714285
        ],
        "6": [
            0.9166666666666666,
            0.9633333333333334
        ],
        "7": [
            -0.5523809523809524,
            0.8476190476190476
        ],
        "8": [
            0.24814814814814815,
            0.6370370370370372
        ],
        "9": [
            0.5370238095238096,
            0.7242857142857143
        ],
        "10": [
            0.8809895833333333,
            0.85
        ],
        "11": [
            0.7183333333333333,
            0.68
        ],
        "12": [
            0.4114985994397759,
            0.6375350140056022
        ],
        "14": [
            0.8919047619047619,
            0.9542857142857143
        ],
        "15": [
            0.1498847926267281,
            0.5905657962109574
        ],
        "16": [
            0.85,
            0.8
        ],
        "17": [
            0.8014814814814816,
            0.8629629629629629
        ],
        "18": [
            0.3413690476190476,
            0.6059523809523809
        ],
        "19": [
            0.14791666666666667,
            0.6861111111111112
        ],
        "20": [
            -0.4307142857142856,
            0.5904761904761904
        ],
        "21": [
            0.8619999999999999,
            0.796
        ],
        "22": [
            0.6749999999999999,
            0.8458333333333333
        ],
        "23": [
            0.8255555555555555,
            0.861111111111111
        ],
        "24": [
            0.6333333333333333,
            0.8425
        ],
        "25": [
            0.485,
            0.8066666666666666
        ],
        "26": [
            0.46499206349206357,
            0.6321587301587303
        ],
        "27": [
            -1.0,
            1.0
        ],
        "28": [
            0.71875,
            0.7249999999999999
        ],
        "29": [
            0.8944444444444445,
            0.9222222222222223
        ],
        "30": [
            0.7135714285714286,
            0.7685714285714285
        ],
        "31": [
            0.5045454545454545,
            0.5636363636363636
        ],
        "32": [
            0.8984375,
            0.8555555555555556
        ],
        "33": [
            0.7944444444444445,
            0.8999999999999999
        ],
        "34": [
            -0.1539473684210526,
            0.607017543859649
        ],
        "35": [
            0.44821428571428573,
            0.7000000000000001
        ],
        "36": [
            0.24687500000000004,
            0.5041666666666668
        ],
        "37": [
            0.6191666666666668,
            0.695
        ],
        "38": [
            0.5754166666666667,
            0.75
        ],
        "39": [
            0.8372222222222222,
            0.8933333333333332
        ],
        "40": [
            0.6266666666666666,
            0.6725000000000001
        ],
        "41": [
            0.7300000000000001,
            0.7628571428571428
        ],
        "42": [
            0.03096329126602568,
            0.6717948717948719
        ],
        "43": [
            -0.6282142857142857,
            0.7423809523809525
        ],
        "44": [
            0.21965367965367966,
            0.5588203463203463
        ],
        "45": [
            0.7796666666666667,
            0.8780000000000001
        ],
        "46": [
            -0.3105263157894737,
            0.5197368421052632
        ],
        "47": [
            0.8838095238095238,
            1.0
        ],
        "48": [
            0.8214285714285715,
            0.8078571428571429
        ],
        "49": [
            0.7051977040816327,
            0.789030612244898
        ],
        "50": [
            0.7333333333333334,
            0.75
        ],
        "51": [
            0.1356111111111111,
            0.5946666666666667
        ],
        "52": [
            1.0,
            1.0
        ],
        "53": [
            0.5416666666666667,
            0.6166666666666667
        ],
        "54": [
            0.325,
            0.6566666666666666
        ],
        "55": [
            0.11625,
            0.50875
        ],
        "56": [
            0.6013888888888889,
            0.7233333333333333
        ],
        "57": [
            0.618525641025641,
            0.7435897435897437
        ],
        "59": [
            0.8125,
            0.975
        ],
        "60": [
            0.65,
            0.7360606060606062
        ],
        "61": [
            0.7706349206349206,
            0.8670634920634921
        ],
        "62": [
            1.0,
            1.0
        ],
        "63": [
            -0.36111111111111105,
            0.5037037037037037
        ],
        "64": [
            0.4619999999999999,
            0.636
        ],
        "65": [
            0.3741025641025641,
            0.633846153846154
        ],
        "66": [
            -0.07459899749373433,
            0.6089348370927318
        ],
        "67": [
            0.6783333333333333,
            0.8033333333333333
        ],
        "68": [
            0.27499999999999997,
            0.5
        ],
        "69": [
            0.025925925925925932,
            0.5703703703703704
        ],
        "70": [
            0.30507575757575756,
            0.6143939393939394
        ],
        "71": [
            0.7211904761904763,
            0.8380952380952381
        ],
        "72": [
            0.18717948717948715,
            0.5064102564102564
        ],
        "73": [
            0.9306666666666666,
            0.9199999999999999
        ],
        "74": [
            0.4611111111111112,
            0.6020833333333334
        ],
        "75": [
            0.08722222222222224,
            0.6395833333333334
        ],
        "76": [
            0.7523809523809524,
            0.8071428571428572
        ],
        "77": [
            0.3622222222222223,
            0.6662962962962964
        ],
        "78": [
            0.7827272727272727,
            0.9027272727272727
        ],
        "79": [
            0.9400000000000001,
            0.9199999999999999
        ],
        "80": [
            0.7714285714285715,
            0.7999999999999999
        ],
        "81": [
            0.6481481481481481,
            0.8333333333333334
        ],
        "82": [
            0.26958333333333334,
            0.6863095238095239
        ],
        "83": [
            0.4634259259259259,
            0.6888888888888888
        ],
        "84": [
            0.8728571428571429,
            0.9542857142857143
        ],
        "86": [
            0.5904761904761905,
            0.6160714285714285
        ],
        "87": [
            -0.21666666666666665,
            0.6444444444444444
        ],
        "88": [
            1.0,
            1.0
        ],
        "89": [
            0.051613636363636355,
            0.5776287878787879
        ],
        "90": [
            0.773015873015873,
            0.9190476190476191
        ],
        "91": [
            0.4785714285714286,
            0.7928571428571429
        ],
        "92": [
            0.35863095238095233,
            0.6961309523809525
        ],
        "93": [
            0.921875,
            0.9375
        ],
        "94": [
            0.5305555555555556,
            0.6861111111111112
        ],
        "95": [
            0.7678571428571429,
            0.769047619047619
        ],
        "96": [
            0.7571428571428571,
            0.7555555555555554
        ],
        "97": [
            0.4774358974358975,
            0.6802564102564104
        ],
        "98": [
            0.1765625,
            0.4875
        ],
        "99": [
            -0.030047233468286094,
            0.6472604588394062
        ],
        "100": [
            0.1819444444444445,
            0.6152777777777778
        ],
        "102": [
            -0.31916666666666665,
            0.5977777777777777
        ],
        "103": [
            0.5541666666666667,
            0.6791666666666667
        ],
        "104": [
            0.8555555555555556,
            0.861111111111111
        ],
        "106": [
            0.44538690476190473,
            0.5821428571428572
        ],
        "107": [
            0.8928571428571429,
            0.9071428571428571
        ],
        "108": [
            0.6363636363636364,
            0.7454545454545454
        ],
        "110": [
            0.5375000000000001,
            0.6551785714285714
        ],
        "111": [
            0.6296153846153847,
            0.7511538461538462
        ],
        "112": [
            -0.047337962962962936,
            0.5560185185185186
        ],
        "113": [
            0.9333333333333332,
            0.9666666666666667
        ],
        "114": [
            -0.4666666666666666,
            0.8194444444444445
        ],
        "115": [
            -0.3628571428571428,
            0.7876190476190477
        ]
    },
    "shampoo_men": {
        "0": [
            0.6,
            0.6
        ],
        "1": [
            0.9111111111111111,
            0.9888888888888889
        ],
        "2": [
            0.8666666666666667,
            0.9833333333333334
        ],
        "3": [
            0.85,
            0.8
        ],
        "4": [
            -0.15,
            0.39999999999999997
        ],
        "5": [
            0.6666666666666666,
            0.8333333333333333
        ],
        "6": [
            1.0,
            1.0
        ],
        "7": [
            0.7333333333333334,
            0.7000000000000001
        ],
        "8": [
            0.5874999999999999,
            0.7666666666666667
        ],
        "9": [
            0.49999999999999994,
            0.7333333333333334
        ],
        "10": [
            0.7333333333333334,
            0.8666666666666667
        ],
        "11": [
            -0.575,
            0.7
        ],
        "12": [
            0.10659722222222222,
            0.6333333333333333
        ],
        "13": [
            1.0,
            1.0
        ],
        "14": [
            0.425,
            0.625
        ],
        "15": [
            0.7999999999999999,
            0.85
        ],
        "16": [
            0.9,
            1.0
        ],
        "17": [
            0.7333333333333334,
            0.9333333333333332
        ],
        "18": [
            0.6666666666666666,
            0.8333333333333333
        ],
        "19": [
            0.8,
            0.9
        ],
        "20": [
            0.43,
            0.5700000000000001
        ],
        "21": [
            0.8666666666666667,
            0.9833333333333334
        ],
        "22": [
            0.85,
            0.8
        ],
        "23": [
            1.0,
            1.0
        ],
        "24": [
            0.26666666666666666,
            0.38333333333333336
        ],
        "25": [
            0.675,
            0.825
        ],
        "26": [
            0.7,
            0.6000000000000001
        ],
        "27": [
            0.85,
            0.8
        ],
        "29": [
            1.0,
            1.0
        ],
        "30": [
            0.9,
            0.875
        ],
        "31": [
            0.31999999999999995,
            0.7216666666666667
        ],
        "32": [
            0.825,
            0.6000000000000001
        ],
        "33": [
            0.425,
            0.45000000000000007
        ],
        "34": [
            0.85,
            0.8
        ],
        "35": [
            1.0,
            1.0
        ],
        "36": [
            0.9,
            0.875
        ],
        "37": [
            0.6666666666666666,
            1.0
        ],
        "38": [
            0.35,
            0.7375
        ],
        "39": [
            0.675,
            0.9
        ],
        "40": [
            0.811111111111111,
            0.8555555555555556
        ],
        "41": [
            0.6166666666666666,
            0.75
        ],
        "42": [
            0.8,
            0.9
        ],
        "43": [
            1.0,
            1.0
        ],
        "44": [
            0.811111111111111,
            0.8555555555555556
        ],
        "45": [
            0.9333333333333332,
            1.0
        ],
        "46": [
            0.7,
            0.6000000000000001
        ],
        "47": [
            0.7,
            0.8400000000000001
        ],
        "48": [
            0.8,
            0.9
        ],
        "49": [
            0.85,
            0.8
        ],
        "50": [
            0.6749999999999999,
            0.8333333333333333
        ],
        "51": [
            0.8035714285714286,
            0.8571428571428571
        ],
        "52": [
            0.8666666666666667,
            0.9833333333333334
        ],
        "53": [
            0.575,
            0.825
        ],
        "54": [
            0.6300000000000001,
            0.77
        ],
        "55": [
            1.0,
            1.0
        ],
        "56": [
            0.35333333333333333,
            0.5866666666666667
        ],
        "57": [
            0.4571428571428572,
            0.6571428571428571
        ],
        "58": [
            0.5444444444444444,
            0.8666666666666667
        ],
        "59": [
            0.625,
            0.7375
        ],
        "60": [
            0.6083333333333333,
            0.7666666666666667
        ],
        "61": [
            0.8666666666666667,
            0.9833333333333334
        ]
    },
    "shampoo_women_1l": {
        "0": [
            0.85,
            0.8
        ],
        "1": [
            0.9,
            0.875
        ],
        "2": [
            0.39999999999999997,
            0.3666666666666667
        ],
        "3": [
            0.5666666666666667,
            0.5666666666666668
        ],
        "4": [
            1.0,
            1.0
        ],
        "5": [
            0.69,
            0.69
        ],
        "6": [
            0.725,
            0.8
        ],
        "7": [
            0.9,
            0.875
        ],
        "8": [
            0.8666666666666667,
            0.9833333333333334
        ],
        "9": [
            0.6666666666666666,
            0.8333333333333333
        ],
        "10": [
            0.5499999999999999,
            0.6999999999999998
        ],
        "11": [
            0.5645833333333333,
            0.725
        ],
        "12": [
            0.9,
            0.875
        ],
        "13": [
            0.6,
            0.8
        ],
        "14": [
            -0.1461111111111111,
            0.6427777777777777
        ],
        "15": [
            1.0,
            1.0
        ],
        "16": [
            0.5775,
            0.6825000000000001
        ],
        "17": [
            0.9177777777777777,
            1.0
        ],
        "18": [
            0.8666666666666667,
            0.9833333333333334
        ],
        "19": [
            0.7666666666666666,
            0.8666666666666667
        ],
        "20": [
            0.4333333333333333,
            0.7583333333333334
        ],
        "21": [
            0.5,
            0.7416666666666667
        ],
        "22": [
            0.453125,
            0.625
        ],
        "23": [
            0.18928571428571428,
            0.405952380952381
        ],
        "24": [
            0.4383333333333333,
            0.7333333333333334
        ]
    },
    "shampoo_women_5l": {
        "0": [
            0.5583333333333333,
            0.55
        ],
        "1": [
            0.375,
            0.61875
        ],
        "2": [
            0.52,
            0.705
        ],
        "3": [
            0.2888095238095238,
            0.49333333333333346
        ],
        "4": [
            0.3,
            0.525
        ],
        "5": [
            0.5,
            0.5
        ],
        "6": [
            0.7,
            0.6000000000000001
        ],
        "7": [
            0.6777777777777777,
            0.7555555555555555
        ],
        "8": [
            0.85,
            0.8
        ],
        "9": [
            0.6277777777777778,
            0.8722222222222222
        ],
        "10": [
            0.55,
            0.675
        ],
        "11": [
            1.0,
            1.0
        ],
        "12": [
            0.3517857142857143,
            0.5389880952380952
        ],
        "13": [
            0.8666666666666667,
            0.9833333333333334
        ],
        "14": [
            0.9,
            0.875
        ],
        "15": [
            0.6047619047619047,
            0.8095238095238096
        ],
        "16": [
            0.6666666666666666,
            0.8333333333333333
        ],
        "17": [
            0.3833333333333333,
            0.5095238095238096
        ],
        "18": [
            0.7476190476190476,
            0.788095238095238
        ],
        "19": [
            0.85,
            0.8
        ],
        "20": [
            0.85,
            0.8
        ],
        "21": [
            0.2625,
            0.7625
        ],
        "22": [
            0.35,
            0.7375
        ],
        "23": [
            0.7,
            0.6000000000000001
        ],
        "24": [
            0.8811111111111111,
            0.9155555555555557
        ],
        "25": [
            0.39999999999999997,
            0.9666666666666667
        ],
        "26": [
            0.3444444444444444,
            0.7138888888888889
        ],
        "27": [
            0.12833333333333335,
            0.5416666666666667
        ],
        "28": [
            0.6,
            0.6
        ],
        "29": [
            0.7666666666666666,
            0.8666666666666667
        ],
        "30": [
            0.85,
            0.8
        ],
        "31": [
            1.0,
            1.0
        ],
        "32": [
            1.0,
            1.0
        ],
        "33": [
            0.6666666666666666,
            0.8333333333333334
        ],
        "34": [
            0.955,
            0.8900000000000001
        ],
        "35": [
            0.28333333333333327,
            0.85
        ],
        "36": [
            0.35,
            0.7375
        ],
        "37": [
            0.85,
            0.8
        ],
        "38": [
            0.4777777777777777,
            0.813888888888889
        ],
        "39": [
            0.0050000000000000044,
            0.47
        ],
        "40": [
            1.0,
            1.0
        ],
        "41": [
            0.19999999999999998,
            0.74375
        ],
        "42": [
            0.85,
            0.8
        ],
        "43": [
            0.575,
            0.825
        ],
        "44": [
            0.4666666666666666,
            0.6916666666666668
        ],
        "45": [
            0.85,
            0.8
        ],
        "46": [
            1.0,
            1.0
        ],
        "47": [
            0.36388888888888893,
            0.6097222222222223
        ],
        "49": [
            0.85,
            0.8
        ],
        "50": [
            0.6333333333333333,
            0.7291666666666667
        ],
        "51": [
            1.0,
            1.0
        ],
        "52": [
            0.5,
            0.5
        ],
        "53": [
            1.0,
            1.0
        ],
        "54": [
            0.35,
            0.7375
        ],
        "55": [
            0.4666666666666666,
            0.6916666666666668
        ],
        "56": [
            0.35,
            0.7375
        ],
        "57": [
            0.4333333333333333,
            0.8250000000000001
        ],
        "58": [
            0.6666666666666666,
            0.8333333333333333
        ],
        "59": [
            1.0,
            0.875
        ],
        "60": [
            0.6,
            0.7333333333333334
        ],
        "61": [
            0.43333333333333335,
            0.8250000000000001
        ],
        "62": [
            1.0,
            1.0
        ],
        "63": [
            1.0,
            1.0
        ],
        "64": [
            -0.4,
            0.65
        ],
        "65": [
            0.42777777777777776,
            0.6444444444444444
        ]
    },
    "victor_ferry": {
        "0": [
            1.0,
            1.0
        ],
        "1": [
            0.26611111111111113,
            0.5811111111111111
        ],
        "2": [
            0.825,
            0.6749999999999999
        ],
        "3": [
            -0.2,
            0.525
        ],
        "5": [
            -1.0,
            1.0
        ],
        "6": [
            0.3731481481481482,
            0.5685185185185184
        ],
        "7": [
            -0.65,
            0.75
        ],
        "8": [
            0.5650000000000001,
            0.67
        ],
        "9": [
            0.6666666666666666,
            0.7000000000000001
        ],
        "10": [
            0.3364583333333333,
            0.43333333333333335
        ],
        "11": [
            0.31157407407407406,
            0.5259259259259259
        ],
        "12": [
            0.4000000000000001,
            0.6
        ],
        "13": [
            0.3875,
            0.4930555555555555
        ],
        "14": [
            1.0,
            0.8900000000000001
        ],
        "15": [
            0.3854166666666667,
            0.6083333333333334
        ],
        "16": [
            0.22142857142857147,
            0.5023809523809525
        ],
        "17": [
            0.44999999999999996,
            0.6
        ],
        "18": [
            -0.168,
            0.756
        ],
        "19": [
            0.3805555555555556,
            0.44583333333333336
        ],
        "20": [
            0.5,
            0.6
        ],
        "21": [
            -0.08,
            0.5316666666666666
        ],
        "22": [
            0.4770833333333333,
            0.7166666666666668
        ],
        "23": [
            0.275,
            0.6950000000000001
        ],
        "24": [
            0.06900000000000002,
            0.482952380952381
        ],
        "25": [
            0.325,
            0.32500000000000007
        ],
        "26": [
            1.0,
            1.0
        ],
        "27": [
            0.5100649350649351,
            0.7428571428571428
        ],
        "28": [
            0.5700000000000001,
            0.86
        ],
        "29": [
            0.22875,
            0.5974999999999999
        ],
        "30": [
            0.58,
            0.61
        ],
        "31": [
            0.52,
            0.8314285714285715
        ],
        "32": [
            0.83,
            0.7650000000000001
        ],
        "33": [
            0.4693333333333333,
            0.6286666666666667
        ],
        "34": [
            0.2414285714285714,
            0.6213095238095238
        ],
        "36": [
            0.4,
            0.475
        ]
    }
}