{
    "mattress": {
        "0": [
            -0.75,
            1.0
        ],
        "1": [
            0.28437500000000004,
            0.565625
        ],
        "2": [
            -1.0,
            1.0
        ],
        "3": [
            0.33194444444444443,
            0.5901388888888889
        ],
        "4": [
            -0.325,
            0.775
        ],
        "5": [
            0.21853174603174608,
            0.6186507936507936
        ],
        "6": [
            0.4875,
            0.575
        ],
        "7": [
            -0.39999999999999997,
            0.6
        ],
        "8": [
            0.62,
            0.6199999999999999
        ],
        "9": [
            0.8125,
            0.9
        ],
        "10": [
            -0.225,
            0.7583333333333333
        ],
        "11": [
            0.49111111111111105,
            0.7999999999999999
        ],
        "12": [
            0.76,
            1.0
        ],
        "13": [
            0.06041666666666667,
            0.3802083333333333
        ],
        "14": [
            0.5047619047619049,
            0.6238095238095237
        ],
        "15": [
            0.11453205128205128,
            0.5258717948717948
        ],
        "16": [
            0.46955128205128205,
            0.6247863247863248
        ],
        "17": [
            -0.10416666666666666,
            0.5891666666666666
        ],
        "18": [
            0.21010101010101012,
            0.48686868686868684
        ],
        "19": [
            0.45555555555555555,
            0.5527777777777778
        ],
        "20": [
            0.5666666666666667,
            0.7466666666666668
        ],
        "21": [
            0.21376488095238091,
            0.5822420634920635
        ],
        "22": [
            0.4883333333333334,
            0.753095238095238
        ],
        "23": [
            0.16875,
            0.7272727272727274
        ],
        "24": [
            0.6666666666666666,
            0.7999999999999999
        ],
        "26": [
            0.44999999999999996,
            0.8125000000000001
        ],
        "27": [
            0.35125,
            0.4675
        ],
        "28": [
            0.04903273809523808,
            0.4672619047619047
        ],
        "29": [
            0.19475308641975309,
            0.5441358024691358
        ],
        "30": [
            0.675,
            0.7374999999999999
        ],
        "31": [
            -0.16666666666666663,
            0.6777777777777777
        ],
        "32": [
            0.14015993265993265,
            0.5484511784511784
        ],
        "33": [
            0.5857142857142856,
            0.7714285714285715
        ],
        "34": [
            0.5307291666666667,
            0.6989583333333333
        ],
        "35": [
            0.3856363636363636,
            0.6644545454545454
        ],
        "36": [
            -0.15,
            0.33749999999999997
        ],
        "37": [
            0.33056389790764795,
            0.5527592893217893
        ],
        "38": [
            0.16354166666666664,
            0.44833333333333336
        ],
        "39": [
            0.35555555555555557,
            0.4527777777777778
        ],
        "40": [
            0.4166666666666667,
            0.65
        ],
        "41": [
            0.2,
            0.55
        ],
        "42": [
            0.6,
            0.8666666666666667
        ],
        "43": [
            -0.09999999999999998,
            0.875
        ],
        "44": [
            0.3666666666666667,
            0.6333333333333333
        ],
        "45": [
            0.5814814814814815,
            0.6361111111111111
        ],
        "46": [
            0.16904761904761903,
            0.2961309523809524
        ],
        "47": [
            0.9333333333333332,
            0.9166666666666666
        ],
        "48": [
            0.1487096774193548,
            0.5094802867383512
        ],
        "49": [
            0.76,
            1.0
        ]
    },
    "no_mans_sky": {
        "0": [
            0.012499999999999983,
            0.40972222222222227
        ],
        "1": [
            0.22575000000000003,
            0.573
        ],
        "2": [
            0.35,
            0.65
        ],
        "5": [
            0.6,
            1.0
        ],
        "7": [
            0.26666666666666666,
            0.8333333333333334
        ],
        "10": [
            0.425,
            0.825
        ],
        "11": [
            0.35,
            0.65
        ],
        "13": [
            0.01851851851851852,
            0.5364197530864199
        ],
        "14": [
            0.05081168831168831,
            0.5152339723768293
        ],
        "17": [
            0.0,
            0.0
        ],
        "21": [
            0.0,
            0.0
        ],
        "23": [
            0.13636363636363635,
            0.5
        ],
        "24": [
            0.375,
            0.6666666666666666
        ],
        "26": [
            0.04288888888888888,
            0.6374814814814815
        ],
        "27": [
            0.5,
            1.0
        ],
        "28": [
            0.43333333333333335,
            0.46666666666666673
        ],
        "34": [
            0.2,
            0.2
        ],
        "35": [
            0.0,
            0.0
        ],
        "36": [
            0.9099999999999999,
            0.7800000000000001
        ],
        "41": [
            -0.15666666666666668,
            0.545
        ],
        "42": [
            0.07850378787878787,
            0.5286931818181818
        ],
        "43": [
            0.0831730769230769,
            0.510576923076923
        ],
        "44": [
            0.39404761904761904,
            0.7571428571428571
        ],
        "46": [
            -0.13863636363636364,
            0.47803030303030297
        ],
        "47": [
            0.008333333333333323,
            0.5083333333333333
        ],
        "48": [
            0.15000000000000002,
            0.575
        ],
        "49": [
            0.16666666666666669,
            0.65
        ],
        "50": [
            0.0,
            0.0
        ],
        "51": [
            0.03,
            0.38
        ],
        "55": [
            0.6666666666666666,
            0.8333333333333333
        ],
        "57": [
            0.5,
            0.5
        ],
        "58": [
            0.1,
            0.5625
        ],
        "61": [
            -0.011164772727272732,
            0.41059659090909095
        ],
        "62": [
            0.021875000000000006,
            0.54
        ],
        "65": [
            0.0357142857142857,
            0.5428571428571428
        ],
        "67": [
            0.41,
            0.73
        ],
        "69": [
            0.1141233766233766,
            0.4535064935064935
        ],
        "71": [
            -0.2729166666666667,
            0.5854166666666666
        ],
        "73": [
            0.033333333333333326,
            0.6333333333333333
        ],
        "74": [
            0.7,
            0.6000000000000001
        ],
        "75": [
            -0.4,
            0.4
        ],
        "76": [
            0.0,
            0.0
        ],
        "78": [
            0.08750000000000002,
            0.575
        ],
        "79": [
            0.024999999999999994,
            0.4
        ],
        "82": [
            0.012499999999999989,
            0.45499999999999996
        ],
        "83": [
            0.0,
            0.0
        ],
        "85": [
            0.3,
            0.7166666666666667
        ],
        "87": [
            -0.5,
            0.4
        ],
        "90": [
            0.030639730639730633,
            0.47390572390572383
        ],
        "91": [
            0.3,
            0.42000000000000004
        ],
        "95": [
            -0.11250000000000002,
            0.70625
        ],
        "96": [
            0.3666666666666667,
            0.5666666666666667
        ],
        "97": [
            0.16737179487179482,
            0.5246153846153846
        ],
        "98": [
            -0.025000000000000022,
            0.525
        ],
        "99": [
            0.2104166666666667,
            0.7125
        ],
        "100": [
            0.30999999999999994,
            0.7366666666666667
        ],
        "103": [
            0.21392045454545455,
            0.5880681818181819
        ],
        "104": [
            -0.3,
            0.95
        ],
        "105": [
            0.1036111111111111,
            0.4429166666666666
        ],
        "106": [
            0.25499999999999995,
            0.5900000000000001
        ],
        "107": [
            0.1395833333333333,
            0.6111111111111112
        ],
        "108": [
            0.25250000000000006,
            0.5988888888888888
        ],
        "109": [
            0.0,
            0.0
        ],
        "111": [
            0.017709359605911322,
            0.4619293924466337
        ],
        "112": [
            0.07524828113063406,
            0.46119174942704355
        ],
        "114": [
            -0.03333333333333336,
            0.5833333333333334
        ],
        "115": [
            0.0,
            0.0
        ],
        "118": [
            -0.30986394557823127,
            0.7578231292517007
        ],
        "119": [
            0.195,
            0.195
        ],
        "120": [
            0.17777777777777773,
            0.6333333333333333
        ],
        "121": [
            0.23333333333333336,
            0.6333333333333333
        ],
        "122": [
            -0.10722222222222223,
            0.3155555555555556
        ],
        "125": [
            1.0,
            1.0
        ],
        "126": [
            -0.17,
            0.49499999999999994
        ],
        "127": [
            0.07878787878787878,
            0.4515151515151515
        ],
        "128": [
            0.3,
            0.2
        ],
        "132": [
            0.0,
            0.0
        ],
        "134": [
            0.0,
            0.0
        ],
        "135": [
            -0.24791666666666667,
            0.5499999999999999
        ],
        "136": [
            -0.2375,
            0.290625
        ],
        "137": [
            0.07142857142857142,
            0.3952380952380952
        ],
        "139": [
            0.16666666666666666,
            0.5666666666666667
        ],
        "140": [
            0.0,
            0.0
        ],
        "143": [
            -0.037500000000000006,
            0.625
        ],
        "144": [
            0.1,
            0.4
        ],
        "145": [
            0.0,
            0.0
        ],
        "147": [
            0.0,
            0.0
        ],
        "148": [
            0.07583333333333334,
            0.47416666666666674
        ],
        "149": [
            -0.10113636363636364,
            0.581439393939394
        ],
        "150": [
            0.0813034188034188,
            0.5247863247863248
        ],
        "157": [
            0.0,
            0.0
        ],
        "160": [
            0.5,
            0.9
        ],
        "161": [
            0.2,
            0.55
        ],
        "163": [
            0.15000000000000002,
            0.575
        ],
        "164": [
            0.0,
            0.0
        ],
        "165": [
            0.14742424242424243,
            0.4725252525252525
        ],
        "166": [
            0.09999999999999998,
            0.7
        ],
        "168": [
            0.052083333333333315,
            0.40416666666666673
        ],
        "169": [
            0.0,
            0.0
        ],
        "173": [
            0.35,
            0.7875
        ],
        "178": [
            0.10000000000000003,
            0.65
        ],
        "180": [
            0.13833333333333334,
            0.5716666666666667
        ],
        "182": [
            0.25357142857142856,
            0.48214285714285715
        ],
        "183": [
            0.1638888888888889,
            0.5727777777777777
        ],
        "186": [
            0.0,
            0.0
        ],
        "187": [
            1.0,
            1.0
        ],
        "188": [
            0.7,
            0.6000000000000001
        ],
        "189": [
            0.04999999999999999,
            0.65
        ],
        "191": [
            0.55,
            0.75
        ],
        "192": [
            0.0,
            0.48
        ],
        "193": [
            0.7,
            0.6000000000000001
        ],
        "197": [
            -0.19375,
            0.6729166666666666
        ],
        "203": [
            -0.02291666666666667,
            0.525
        ],
        "205": [
            0.0035714285714285665,
            0.29404761904761906
        ],
        "207": [
            0.10488900634249466,
            0.5370331219168426
        ],
        "208": [
            0.0,
            0.0
        ],
        "209": [
            -0.4,
            0.4
        ],
        "217": [
            1.0,
            1.0
        ],
        "218": [
            0.2864583333333333,
            0.45312500000000006
        ],
        "221": [
            0.65,
            0.2
        ],
        "228": [
            0.4,
            0.9
        ],
        "230": [
            0.2,
            0.575
        ],
        "231": [
            0.15999999999999998,
            0.61
        ],
        "232": [
            0.17564102564102563,
            0.45705128205128204
        ],
        "234": [
            -0.028171368861024042,
            0.5526854754440962
        ],
        "236": [
            0.5,
            0.6
        ],
        "237": [
            -0.025,
            0.45
        ],
        "238": [
            0.0,
            0.0
        ],
        "239": [
            0.04999999999999999,
            0.5
        ],
        "241": [
            0.2525,
            0.525
        ],
        "242": [
            0.14666666666666667,
            0.47333333333333333
        ],
        "244": [
            0.0,
            0.0
        ],
        "245": [
            0.3,
            0.35
        ],
        "246": [
            0.2333333333333333,
            0.4444444444444444
        ],
        "247": [
            0.14666666666666664,
            0.6749999999999999
        ],
        "248": [
            0.0,
            0.5678571428571428
        ],
        "250": [
            -0.03657680703135249,
            0.4315747383929203
        ],
        "252": [
            0.4666666666666666,
            0.7999999999999999
        ],
        "253": [
            0.030952380952380936,
            0.35595238095238096
        ],
        "254": [
            0.3,
            0.45
        ],
        "255": [
            0.14999999999999997,
            0.5
        ],
        "256": [
            0.033333333333333326,
            0.6333333333333333
        ],
        "257": [
            0.2028787878787879,
            0.5470813397129187
        ],
        "258": [
            0.32222222222222224,
            0.5222222222222223
        ],
        "259": [
            0.17990132990132984,
            0.5500858000858001
        ],
        "261": [
            0.5,
            1.0
        ],
        "262": [
            0.5,
            1.0
        ],
        "263": [
            0.05694444444444444,
            0.40972222222222215
        ],
        "264": [
            1.0,
            0.75
        ],
        "266": [
            -0.525,
            0.7
        ],
        "267": [
            0.5333333333333333,
            0.43333333333333335
        ],
        "269": [
            -0.4375,
            0.4
        ],
        "271": [
            -0.028571428571428564,
            0.7000000000000001
        ],
        "272": [
            0.14999999999999997,
            0.5
        ],
        "273": [
            0.0,
            0.0
        ],
        "274": [
            0.08333333333333333,
            0.6180555555555557
        ],
        "275": [
            -0.060000000000000005,
            0.61
        ],
        "277": [
            0.7,
            0.6000000000000001
        ],
        "278": [
            0.5,
            1.0
        ],
        "279": [
            0.05,
            0.47500000000000003
        ],
        "280": [
            -0.10999999999999999,
            0.7
        ],
        "282": [
            -0.008333333333333331,
            0.42500000000000004
        ],
        "284": [
            0.5833333333333333,
            0.69375
        ],
        "285": [
            0.0,
            0.0
        ],
        "286": [
            0.3,
            0.35
        ],
        "287": [
            0.05000000000000001,
            0.5333333333333333
        ],
        "289": [
            0.0,
            0.0
        ],
        "297": [
            0.0,
            0.0
        ],
        "298": [
            0.1268688725490196,
            0.48333333333333334
        ],
        "300": [
            0.15555555555555556,
            0.5222222222222223
        ],
        "301": [
            -0.13666666666666666,
            0.44666666666666666
        ],
        "303": [
            0.26079545454545455,
            0.39431818181818185
        ],
        "305": [
            0.5,
            0.6
        ],
        "306": [
            0.18333333333333332,
            0.6666666666666666
        ],
        "307": [
            0.08333333333333333,
            0.46666666666666673
        ],
        "308": [
            0.125,
            0.5491228070175438
        ],
        "310": [
            0.0,
            0.0
        ],
        "311": [
            0.014076994434137282,
            0.532850185528757
        ],
        "312": [
            0.6,
            1.0
        ],
        "318": [
            0.25,
            0.25
        ],
        "319": [
            0.0,
            0.0
        ],
        "320": [
            0.2333333333333333,
            0.5666666666666667
        ],
        "323": [
            0.0,
            0.0
        ],
        "325": [
            0.0,
            0.0
        ],
        "326": [
            0.0,
            0.0
        ],
        "327": [
            0.3541666666666667,
            0.65
        ],
        "328": [
            0.5,
            0.5
        ],
        "330": [
            0.14999999999999997,
            0.5
        ],
        "332": [
            0.08333333333333333,
            0.42666666666666664
        ],
        "334": [
            0.059595959595959584,
            0.36161616161616167
        ],
        "336": [
            0.0,
            0.0
        ],
        "341": [
            0.25,
            0.6875
        ],
        "342": [
            0.7749999999999999,
            0.8
        ],
        "345": [
            0.10000000000000003,
            0.40833333333333327
        ],
        "346": [
            0.0,
            0.25
        ],
        "347": [
            0.23402255639097744,
            0.581390977443609
        ],
        "349": [
            0.11388888888888887,
            0.5
        ],
        "350": [
            0.2875,
            0.2
        ],
        "351": [
            -0.18333333333333335,
            0.6166666666666666
        ],
        "353": [
            0.0,
            0.0
        ],
        "354": [
            0.17611662531017375,
            0.44958643507030616
        ],
        "357": [
            -0.027083333333333348,
            0.5229999999999999
        ],
        "358": [
            0.08333333333333333,
            0.6749999999999999
        ],
        "360": [
            0.11633333333333336,
            0.6100000000000001
        ],
        "361": [
            -0.4,
            0.4
        ],
        "364": [
            0.0,
            0.0
        ],
        "366": [
            -0.3,
            0.3
        ],
        "367": [
            0.0,
            0.0
        ],
        "368": [
            -0.04047202797202798,
            0.49650349650349646
        ],
        "374": [
            0.34750000000000003,
            0.315
        ],
        "375": [
            0.15,
            0.4
        ],
        "376": [
            0.29090909090909095,
            0.5870129870129869
        ],
        "381": [
            0.0,
            0.0
        ],
        "383": [
            -0.6666666666666666,
            1.0
        ],
        "386": [
            0.028611111111111105,
            0.4682407407407408
        ],
        "390": [
            -0.17916666666666667,
            0.5479166666666666
        ],
        "392": [
            -0.7142857142857143,
            0.8571428571428571
        ],
        "393": [
            0.24999999999999997,
            0.5333333333333333
        ],
        "397": [
            -0.4,
            0.4
        ],
        "400": [
            0.0,
            0.0
        ],
        "402": [
            0.3,
            0.1
        ],
        "405": [
            0.25,
            0.35
        ],
        "407": [
            0.3,
            0.2
        ],
        "410": [
            -0.024999999999999994,
            0.4166666666666667
        ],
        "411": [
            0.23333333333333336,
            0.7666666666666666
        ],
        "412": [
            -0.4000000000000001,
            0.4000000000000001
        ],
        "414": [
            -0.2,
            0.2
        ],
        "415": [
            -0.010378787878787876,
            0.4909199134199134
        ],
        "417": [
            0.4,
            0.6
        ],
        "418": [
            0.3666666666666667,
            0.6
        ],
        "419": [
            -0.039999999999999994,
            0.73
        ],
        "420": [
            -0.06136363636363638,
            0.39814685314685316
        ],
        "421": [
            0.5,
            0.6
        ],
        "424": [
            0.3,
            0.7
        ],
        "425": [
            -0.13333333333333333,
            0.4666666666666666
        ],
        "428": [
            0.0,
            0.0
        ],
        "429": [
            -1.0,
            1.0
        ],
        "430": [
            0.06496865203761756,
            0.5179989550679207
        ],
        "431": [
            0.07777777777777778,
            0.5055555555555555
        ],
        "432": [
            0.3,
            0.35
        ],
        "435": [
            0.25499999999999995,
            0.5900000000000001
        ],
        "436": [
            0.0,
            0.0
        ],
        "440": [
            0.07142857142857142,
            0.6442857142857142
        ],
        "441": [
            -0.17142857142857146,
            0.5285714285714286
        ],
        "445": [
            0.0,
            0.0
        ],
        "446": [
            0.0,
            0.0
        ],
        "448": [
            1.0,
            0.3
        ],
        "450": [
            -0.05555555555555556,
            0.5777777777777778
        ],
        "451": [
            0.0,
            0.0
        ],
        "453": [
            0.2,
            0.575
        ],
        "456": [
            0.24833333333333332,
            0.46
        ],
        "457": [
            0.8,
            1.0
        ],
        "462": [
            0.14999999999999997,
            0.5
        ],
        "463": [
            0.325,
            0.65
        ],
        "465": [
            0.0,
            0.0
        ],
        "466": [
            0.384375,
            0.46875000000000006
        ],
        "467": [
            -0.10000000000000002,
            0.5
        ],
        "469": [
            0.7,
            0.6000000000000001
        ],
        "470": [
            0.0,
            0.0
        ],
        "471": [
            0.0,
            0.0
        ],
        "472": [
            0.26666666666666666,
            0.5333333333333333
        ],
        "473": [
            0.1708333333333333,
            0.4666666666666666
        ],
        "476": [
            -0.12875,
            0.37
        ],
        "478": [
            -0.4,
            0.4
        ],
        "479": [
            -0.6999999999999998,
            0.6666666666666666
        ],
        "480": [
            -0.125,
            0.23749999999999996
        ],
        "481": [
            0.04999999999999999,
            0.7
        ],
        "482": [
            0.10227272727272727,
            0.4409090909090909
        ],
        "483": [
            0.42000000000000004,
            0.44000000000000006
        ],
        "485": [
            0.43333333333333335,
            0.6166666666666667
        ],
        "486": [
            0.75,
            0.8
        ],
        "487": [
            0.875,
            0.6000000000000001
        ],
        "491": [
            0.07499999999999998,
            0.39642857142857146
        ],
        "493": [
            0.0,
            0.0
        ],
        "495": [
            0.08541666666666667,
            0.58125
        ],
        "496": [
            0.18125,
            0.5
        ],
        "497": [
            0.0,
            0.0
        ],
        "502": [
            -0.11136363636363633,
            0.6272727272727272
        ],
        "504": [
            0.03692279942279941,
            0.46674332611832614
        ],
        "507": [
            -0.14092261904761902,
            0.5008928571428573
        ],
        "510": [
            0.46875,
            0.2
        ],
        "514": [
            -0.8,
            1.0
        ],
        "516": [
            0.004861111111111101,
            0.49712301587301594
        ],
        "518": [
            0.2463636363636363,
            0.570909090909091
        ],
        "519": [
            0.2,
            0.575
        ],
        "522": [
            0.85,
            0.6900000000000002
        ],
        "524": [
            0.0,
            0.0
        ],
        "525": [
            0.025000000000000022,
            0.6833333333333332
        ],
        "529": [
            -0.13333333333333333,
            0.43333333333333335
        ],
        "531": [
            0.15,
            0.5166666666666667
        ],
        "532": [
            -0.11765873015873016,
            0.4646825396825398
        ],
        "533": [
            0.14944444444444444,
            0.5172222222222222
        ],
        "537": [
            0.3083333333333333,
            0.6833333333333333
        ],
        "540": [
            0.345,
            0.63
        ],
        "541": [
            0.1406666666666667,
            0.5737777777777777
        ],
        "543": [
            0.0,
            0.0
        ],
        "544": [
            0.3,
            0.4666666666666666
        ],
        "546": [
            -0.4,
            0.4
        ],
        "550": [
            0.3,
            0.5833333333333334
        ],
        "552": [
            0.3,
            0.35
        ],
        "555": [
            0.04999999999999999,
            0.45
        ],
        "556": [
            -0.018181818181818164,
            0.5235209235209235
        ],
        "557": [
            0.525,
            0.65
        ],
        "559": [
            0.275,
            0.55
        ],
        "564": [
            0.2715909090909091,
            0.6511363636363636
        ],
        "566": [
            0.0,
            0.0
        ],
        "567": [
            1.0,
            1.0
        ],
        "573": [
            0.375,
            0.2
        ],
        "574": [
            0.1,
            0.4
        ],
        "575": [
            -0.07833333333333334,
            0.7055555555555555
        ],
        "577": [
            -0.2,
            0.25
        ],
        "579": [
            0.845,
            0.8900000000000001
        ],
        "582": [
            0.2333333333333333,
            0.5
        ],
        "583": [
            0.25,
            0.55
        ],
        "585": [
            0.14999999999999997,
            0.5476190476190477
        ],
        "586": [
            0.19999999999999998,
            0.7999999999999999
        ],
        "587": [
            0.0,
            0.0
        ],
        "588": [
            0.0,
            0.0
        ],
        "590": [
            0.54296875,
            1.0
        ]
    },
    "petit_jardin": {
        "0": [
            -1.0,
            1.0
        ],
        "1": [
            0.7083333333333334,
            0.75
        ],
        "2": [
            -1.0,
            1.0
        ],
        "3": [
            0.7083333333333333,
            0.8333333333333333
        ],
        "4": [
            1.0,
            1.0
        ],
        "5": [
            1.0,
            1.0
        ],
        "6": [
            1.0,
            1.0
        ],
        "7": [
            -1.0,
            1.0
        ],
        "8": [
            1.0,
            1.0
        ],
        "9": [
            0.7083333333333334,
            0.75
        ],
        "10": [
            1.0,
            1.0
        ],
        "11": [
            0.0,
            0.1
        ],
        "12": [
            0.4,
            1.0
        ],
        "14": [
            1.0,
            1.0
        ],
        "15": [
            0.1498847926267281,
            0.5905657962109574
        ],
        "16": [
            0.5,
            0.5
        ],
        "17": [
            1.0,
            1.0
        ],
        "18": [
            0.0,
            0.0
        ],
        "19": [
            -1.0,
            1.0
        ],
        "20": [
            0.0,
            0.0
        ],
        "21": [
            0.0,
            0.0
        ],
        "22": [
            0.6749999999999999,
            0.8458333333333333
        ],
        "23": [
            1.0,
            1.0
        ],
        "24": [
            1.0,
            1.0
        ],
        "25": [
            1.0,
            1.0
        ],
        "26": [
            1.0,
            1.0
        ],
        "27": [
            -1.0,
            1.0
        ],
        "28": [
            0.0,
            0.0
        ],
        "29": [
            0.8333333333333334,
            0.8333333333333334
        ],
        "30": [
            1.0,
            1.0
        ],
        "31": [
            0.5045454545454545,
            0.5636363636363636
        ],
        "32": [
            1.0,
            1.0
        ],
        "33": [
            1.0,
            1.0
        ],
        "34": [
            -1.0,
            1.0
        ],
        "35": [
            0.35,
            0.575
        ],
        "36": [
            0.375,
            0.9
        ],
        "37": [
            0.6191666666666668,
            0.695
        ],
        "38": [
            0.6875,
            1.0
        ],
        "39": [
            0.6666666666666666,
            0.8333333333333333
        ],
        "40": [
            1.0,
            1.0
        ],
        "41": [
            0.0,
            0.0
        ],
        "42": [
            -0.41145833333333337,
            0.6791666666666667
        ],
        "43": [
            -0.8099999999999999,
            0.8099999999999999
        ],
        "44": [
            0.21965367965367966,
            0.5588203463203463
        ],
        "45": [
            0.6666666666666666,
            0.8333333333333333
        ],
        "46": [
            -1.0,
            1.0
        ],
        "47": [
            1.0,
            1.0
        ],
        "48": [
            0.7083333333333333,
            0.8333333333333333
        ],
        "49": [
            0.8836805555555555,
            0.7222222222222222
        ],
        "50": [
            1.0,
            1.0
        ],
        "51": [
            0.0,
            0.0
        ],
        "52": [
            0.97,
            1.0
        ],
        "53": [
            0.5416666666666667,
            0.6166666666666667
        ],
        "54": [
            0.75,
            0.8333333333333334
        ],
        "55": [
            1.0,
            1.0
        ],
        "56": [
            0.6013888888888889,
            0.7233333333333333
        ],
        "57": [
            1.0,
            1.0
        ],
        "59": [
            0.0,
            0.0
        ],
        "60": [
            0.73,
            0.93
        ],
        "61": [
            0.75,
            0.75
        ],
        "62": [
            1.0,
            1.0
        ],
        "63": [
            -1.0,
            1.0
        ],
        "64": [
            0.0,
            0.0
        ],
        "65": [
            -0.05,
            0.4
        ],
        "66": [
            -0.3333333333333333,
            0.9166666666666666
        ],
        "67": [
            0.75,
            0.75
        ],
        "68": [
            0.27499999999999997,
            0.5
        ],
        "69": [
            0.0,
            0.0
        ],
        "70": [
            0.0,
            0.0
        ],
        "71": [
            0.6666666666666666,
            1.0
        ],
        "72": [
            0.0,
            0.0
        ],
        "73": [
            0.0,
            0.0
        ],
        "74": [
            0.0,
            0.0
        ],
        "75": [
            0.0,
            0.0
        ],
        "76": [
            1.0,
            1.0
        ],
        "77": [
            0.0,
            0.0
        ],
        "78": [
            0.75,
            1.0
        ],
        "79": [
            0.9400000000000001,
            0.9199999999999999
        ],
        "80": [
            1.0,
            1.0
        ],
        "81": [
            1.0,
            1.0
        ],
        "82": [
            -0.1,
            0.6
        ],
        "83": [
            0.875,
            0.875
        ],
        "84": [
            0.75,
            0.75
        ],
        "86": [
            0.4,
            1.0
        ],
        "87": [
            -0.21666666666666665,
            0.6444444444444444
        ],
        "88": [
            1.0,
            1.0
        ],
        "89": [
            0.0,
            0.0
        ],
        "90": [
            0.8125,
            0.75
        ],
        "91": [
            0.0,
            0.0
        ],
        "92": [
            0.35863095238095233,
            0.6961309523809525
        ],
        "93": [
            1.0,
            1.0
        ],
        "94": [
            1.0,
            1.0
        ],
        "95": [
            0.125,
            1.0
        ],
        "96": [
            0.7571428571428571,
            0.7555555555555554
        ],
        "97": [
            1.0,
            1.0
        ],
        "98": [
            0.0,
            0.0
        ],
        "99": [
            -0.2,
            0.8
        ],
        "100": [
            0.3333333333333333,
            0.6666666666666666
        ],
        "102": [
            0.0,
            0.0
        ],
        "103": [
            1.0,
            1.0
        ],
        "104": [
            1.0,
            1.0
        ],
        "106": [
            1.0,
            1.0
        ],
        "107": [
            1.0,
            1.0
        ],
        "108": [
            0.8333333333333334,
            0.8333333333333334
        ],
        "110": [
            1.0,
            1.0
        ],
        "111": [
            0.875,
            0.875
        ],
        "112": [
            -1.0,
            1.0
        ],
        "113": [
            0.0,
            0.0
        ],
        "114": [
            -0.4666666666666666,
            0.8194444444444445
        ],
        "115": [
            -1.0,
            1.0
        ]
    },
    "shampoo_men": {
        "0": [
            0.0,
            0.0
        ],
        "1": [
            0.0,
            0.0
        ],
        "2": [
            0.0,
            0.0
        ],
        "3": [
            0.0,
            0.0
        ],
        "4": [
            0.0,
            0.0
        ],
        "5": [
            0.0,
            0.0
        ],
        "6": [
            0.0,
            0.0
        ],
        "7": [
            0.0,
            0.0
        ],
        "8": [
            0.0,
            0.0
        ],
        "9": [
            0.0,
            0.0
        ],
        "10": [
            0.0,
            0.0
        ],
        "11": [
            0.0,
            0.0
        ],
        "12": [
            0.0,
            0.0
        ],
        "13": [
            0.0,
            0.0
        ],
        "14": [
            0.0,
            0.0
        ],
        "15": [
            0.0,
            0.0
        ],
        "16": [
            0.0,
            0.0
        ],
        "17": [
            0.0,
            0.0
        ],
        "18": [
            0.0,
            0.0
        ],
        "19": [
            0.0,
            0.0
        ],
        "20": [
            0.0,
            0.0
        ],
        "21": [
            0.0,
            0.0
        ],
        "22": [
            0.0,
            0.0
        ],
        "23": [
            0.0,
            0.0
        ],
        "24": [
            0.0,
            0.0
        ],
        "25": [
            0.0,
            0.0
        ],
        "26": [
            0.0,
            0.0
        ],
        "27": [
            0.0,
            0.0
        ],
        "29": [
            0.0,
            0.0
        ],
        "30": [
            0.0,
            0.0
        ],
        "31": [
            0.0,
            0.0
        ],
        "32": [
            0.0,
            0.0
        ],
        "33": [
            0.0,
            0.0
        ],
        "34": [
            0.0,
            0.0
        ],
        "35": [
            0.0,
            0.0
        ],
        "36": [
            0.0,
            0.0
        ],
        "37": [
            0.0,
            0.0
        ],
        "38": [
            0.0,
            0.0
        ],
        "39": [
            0.0,
            0.0
        ],
        "40": [
            0.0,
            0.0
        ],
        "41": [
            0.0,
            0.0
        ],
        "42": [
            0.0,
            0.0
        ],
        "43": [
            0.0,
            0.0
        ],
        "44": [
            0.0,
            0.0
        ],
        "45": [
            0.0,
            0.0
        ],
        "46": [
            0.0,
            0.0
        ],
        "47": [
            0.0,
            0.0
        ],
        "48": [
            0.0,
            0.0
        ],
        "49": [
            0.0,
            0.0
        ],
        "50": [
            0.0,
            0.0
        ],
        "51": [
            0.0,
            0.0
        ],
        "52": [
            0.0,
            0.0
        ],
        "53": [
            0.0,
            0.0
        ],
        "54": [
            0.0,
            0.0
        ],
        "55": [
            0.0,
            0.0
        ],
        "56": [
            0.0,
            0.0
        ],
        "57": [
            0.0,
            0.0
        ],
        "58": [
            0.0,
            0.0
        ],
        "59": [
            0.0,
            0.0
        ],
        "60": [
            0.0,
            0.0
        ],
        "61": [
            0.0,
            0.0
        ]
    },
    "shampoo_women_1l": {
        "0": [
            0.0,
            0.0
        ],
        "1": [
            0.0,
            0.0
        ],
        "2": [
            0.0,
            0.0
        ],
        "3": [
            0.0,
            0.0
        ],
        "4": [
            0.0,
            0.0
        ],
        "5": [
            0.0,
            0.0
        ],
        "6": [
            0.0,
            0.0
        ],
        "7": [
            0.0,
            0.0
        ],
        "8": [
            0.0,
            0.0
        ],
        "9": [
            0.0,
            0.0
        ],
        "10": [
            0.0,
            0.0
        ],
        "11": [
            0.0,
            0.0
        ],
        "12": [
            0.0,
            0.0
        ],
        "13": [
            0.0,
            0.0
        ],
        "14": [
            0.0,
            0.0
        ],
        "15": [
            0.0,
            0.0
        ],
        "16": [
            0.0,
            0.0
        ],
        "17": [
            0.0,
            0.0
        ],
        "18": [
            0.0,
            0.0
        ],
        "19": [
            0.0,
            0.0
        ],
        "20": [
            0.0,
            0.0
        ],
        "21": [
            0.0,
            0.0
        ],
        "22": [
            0.0,
            0.0
        ],
        "23": [
            0.0,
            0.0
        ],
        "24": [
            0.0,
            0.0
        ]
    },
    "shampoo_women_5l": {
        "0": [
            0.0,
            0.0
        ],
        "1": [
            0.0,
            0.0
        ],
        "2": [
            0.0,
            0.0
        ],
        "3": [
            0.0,
            0.0
        ],
        "4": [
            0.0,
            0.0
        ],
        "5": [
            0.0,
            0.0
        ],
        "6": [
            0.0,
            0.0
        ],
        "7": [
            0.0,
            0.0
        ],
        "8": [
            0.0,
            0.0
        ],
        "9": [
            0.0,
            0.0
        ],
        "10": [
            0.0,
            0.0
        ],
        "11": [
            0.0,
            0.0
        ],
        "12": [
            0.0,
            0.0
        ],
        "13": [
            0.0,
            0.0
        ],
        "14": [
            0.0,
            0.0
        ],
        "15": [
            0.0,
            0.0
        ],
        "16": [
            0.0,
            0.0
        ],
        "17": [
            0.0,
            0.0
        ],
        "18": [
            0.0,
            0.0
        ],
        "19": [
            0.0,
            0.0
        ],
        "20": [
            0.0,
            0.0
        ],
        "21": [
            0.0,
            0.0
        ],
        "22": [
            0.0,
            0.0
        ],
        "23": [
            0.0,
            0.0
        ],
        "24": [
            0.0,
            0.0
        ],
        "25": [
            0.0,
            0.0
        ],
        "26": [
            0.0,
            0.0
        ],
        "27": [
            0.0,
            0.0
        ],
        "28": [
            0.0,
            0.0
        ],
        "29": [
            0.0,
            0.0
        ],
        "30": [
            0.0,
            0.0
        ],
        "31": [
            0.0,
            0.0
        ],
        "32": [
            0.0,
            0.0
        ],
        "33": [
            0.0,
            0.0
        ],
        "34": [
            0.0,
            0.0
        ],
        "35": [
            0.0,
            0.0
        ],
        "36": [
            0.0,
            0.0
        ],
        "37": [
            0.0,
            0.0
        ],
        "38": [
            0.0,
            0.0
        ],
        "39": [
            0.0,
            0.0
        ],
        "40": [
            0.0,
            0.0
        ],
        "41": [
            0.0,
            0.0
        ],
        "42": [
            0.0,
            0.0
        ],
        "43": [
            0.0,
            0.0
        ],
        "44": [
            0.0,
            0.0
        ],
        "45": [
            0.0,
            0.0
        ],
        "46": [
            0.0,
            0.0
        ],
        "47": [
            0.0,
            0.0
        ],
        "49": [
            0.0,
            0.0
        ],
        "50": [
            0.0,
            0.0
        ],
        "51": [
            0.0,
            0.0
        ],
        "52": [
            0.0,
            0.0
        ],
        "53": [
            0.0,
            0.0
        ],
        "54": [
            0.0,
            0.0
        ],
        "55": [
            0.0,
            0.0
        ],
        "56": [
            0.0,
            0.0
        ],
        "57": [
            0.0,
            0.0
        ],
        "58": [
            0.0,
            0.0
        ],
        "59": [
            0.0,
            0.0
        ],
        "60": [
            0.0,
            0.0
        ],
        "61": [
            0.0,
            0.0
        ],
        "62": [
            0.0,
            0.0
        ],
        "63": [
            0.0,
            0.0
        ],
        "64": [
            0.0,
            0.0
        ],
        "65": [
            0.0,
            0.0
        ]
    },
    "victor_ferry": {
        "0": [
            1.0,
            1.0
        ],
        "1": [
            0.0,
            0.0
        ],
        "2": [
            0.4,
            0.45
        ],
        "3": [
            -0.39999999999999997,
            0.4222222222222222
        ],
        "5": [
            -1.0,
            1.0
        ],
        "6": [
            -0.02500000000000001,
            0.55
        ],
        "7": [
            -1.0,
            1.0
        ],
        "8": [
            0.0,
            0.0
        ],
        "9": [
            0.1,
            0.1
        ],
        "10": [
            0.0,
            0.0
        ],
        "11": [
            0.2333333333333333,
            0.6333333333333333
        ],
        "12": [
            0.0,
            0.0
        ],
        "13": [
            0.225,
            0.7
        ],
        "14": [
            0.0,
            0.0
        ],
        "15": [
            0.0,
            0.0
        ],
        "16": [
            0.38888888888888884,
            0.7111111111111111
        ],
        "17": [
            0.1,
            0.1
        ],
        "18": [
            -1.0,
            1.0
        ],
        "19": [
            1.0,
            1.0
        ],
        "20": [
            1.0,
            1.0
        ],
        "21": [
            0.0,
            0.0
        ],
        "22": [
            0.0,
            0.0
        ],
        "23": [
            0.4,
            0.9
        ],
        "24": [
            -0.3333333333333333,
            0.7857142857142857
        ],
        "25": [
            0.0,
            0.0
        ],
        "26": [
            1.0,
            1.0
        ],
        "27": [
            1.0,
            1.0
        ],
        "28": [
            0.0,
            0.0
        ],
        "29": [
            0.26944444444444443,
            0.48055555555555557
        ],
        "30": [
            0.41666666666666663,
            0.6666666666666666
        ],
        "31": [
            0.0,
            0.0
        ],
        "32": [
            0.0,
            0.0
        ],
        "33": [
            0.0,
            0.0
        ],
        "34": [
            1.0,
            1.0
        ],
        "36": [
            0.0,
            0.0
        ]
    }
}