{
    "mattress": {
        "0": [
            0.0,
            0.0
        ],
        "1": [
            0.0,
            0.0
        ],
        "2": [
            0.0,
            0.0
        ],
        "3": [
            0.0,
            0.0
        ],
        "4": [
            0.0,
            0.0
        ],
        "5": [
            0.0,
            0.0
        ],
        "6": [
            0.0,
            0.0
        ],
        "7": [
            0.0,
            0.0
        ],
        "8": [
            0.0,
            0.0
        ],
        "9": [
            0.0,
            0.0
        ],
        "10": [
            0.0,
            0.0
        ],
        "11": [
            0.7,
            0.9
        ],
        "12": [
            0.0,
            0.0
        ],
        "13": [
            -0.4,
            0.1
        ],
        "14": [
            0.7,
            0.9
        ],
        "15": [
            0.0,
            0.0
        ],
        "16": [
            0.0,
            0.0
        ],
        "17": [
            0.0,
            0.0
        ],
        "18": [
            -0.2,
            0.05
        ],
        "19": [
            0.0,
            0.0
        ],
        "20": [
            0.0,
            0.0
        ],
        "21": [
            0.17,
            0.15
        ],
        "22": [
            0.0,
            0.0
        ],
        "23": [
            0.0,
            0.0
        ],
        "24": [
            0.0,
            0.0
        ],
        "26": [
            0.0,
            0.0
        ],
        "27": [
            0.0,
            0.0
        ],
        "28": [
            0.7,
            0.9
        ],
        "29": [
            0.0,
            0.0
        ],
        "30": [
            0.0,
            0.0
        ],
        "31": [
            0.0,
            0.3
        ],
        "32": [
            0.15625,
            0.0
        ],
        "33": [
            0.0,
            0.0
        ],
        "34": [
            0.0,
            0.0
        ],
        "35": [
            0.0,
            0.0
        ],
        "36": [
            0.0,
            0.0
        ],
        "37": [
            0.0,
            0.0
        ],
        "38": [
            -0.5,
            0.1
        ],
        "39": [
            0.0,
            0.0
        ],
        "40": [
            0.0,
            0.0
        ],
        "41": [
            0.0,
            0.0
        ],
        "42": [
            0.0,
            0.0
        ],
        "43": [
            0.0,
            0.0
        ],
        "44": [
            -0.4,
            0.1
        ],
        "45": [
            0.0,
            0.0
        ],
        "46": [
            0.7,
            0.9
        ],
        "47": [
            0.5,
            0.9
        ],
        "48": [
            0.0,
            0.0
        ],
        "49": [
            0.0,
            0.0
        ]
    },
    "no_mans_sky": {
        "0": [
            0.0,
            0.0
        ],
        "1": [
            0.0,
            0.0
        ],
        "2": [
            0.0,
            0.0
        ],
        "5": [
            0.0,
            0.0
        ],
        "7": [
            0.0,
            0.0
        ],
        "10": [
            0.5,
            1.0
        ],
        "11": [
            0.0,
            0.0
        ],
        "13": [
            0.0,
            0.0
        ],
        "14": [
            0.11666666666666664,
            0.15000000000000002
        ],
        "17": [
            0.0,
            0.0
        ],
        "21": [
            0.0,
            0.0
        ],
        "23": [
            0.0,
            0.0
        ],
        "24": [
            0.0,
            0.0
        ],
        "26": [
            0.3,
            0.6
        ],
        "27": [
            0.5,
            1.0
        ],
        "28": [
            0.0,
            0.0
        ],
        "34": [
            0.0,
            0.0
        ],
        "35": [
            0.0,
            0.0
        ],
        "36": [
            0.0,
            0.0
        ],
        "41": [
            0.0,
            0.0
        ],
        "42": [
            0.65,
            0.6
        ],
        "43": [
            0.38499999999999995,
            0.47000000000000003
        ],
        "44": [
            0.35833333333333334,
            0.5666666666666667
        ],
        "46": [
            -0.4,
            0.1
        ],
        "47": [
            0.4,
            0.15
        ],
        "48": [
            0.0,
            0.0
        ],
        "49": [
            0.7,
            0.9
        ],
        "50": [
            0.0,
            0.0
        ],
        "51": [
            0.0,
            0.0
        ],
        "55": [
            0.25,
            0.45
        ],
        "57": [
            0.0,
            0.0
        ],
        "58": [
            0.0,
            0.0
        ],
        "61": [
            0.15000000000000002,
            0.2
        ],
        "62": [
            0.625,
            0.15
        ],
        "65": [
            0.365,
            0.5
        ],
        "67": [
            0.5,
            1.0
        ],
        "69": [
            0.8125,
            0.6
        ],
        "71": [
            0.0,
            0.3
        ],
        "73": [
            0.65,
            0.6
        ],
        "74": [
            0.0,
            0.0
        ],
        "75": [
            0.0,
            0.0
        ],
        "76": [
            0.0,
            0.0
        ],
        "78": [
            0.0,
            0.0
        ],
        "79": [
            0.4,
            0.15
        ],
        "82": [
            0.0,
            0.0
        ],
        "83": [
            0.0,
            0.0
        ],
        "85": [
            0.5,
            1.0
        ],
        "87": [
            0.0,
            0.0
        ],
        "90": [
            0.73125,
            0.6
        ],
        "91": [
            0.0,
            0.0
        ],
        "95": [
            0.0,
            0.0
        ],
        "96": [
            0.0,
            0.0
        ],
        "97": [
            -0.4,
            0.1
        ],
        "98": [
            0.0,
            0.0
        ],
        "99": [
            0.05000000000000001,
            0.5666666666666667
        ],
        "100": [
            1.0,
            1.0
        ],
        "103": [
            0.0,
            0.0
        ],
        "104": [
            0.05,
            0.0
        ],
        "105": [
            0.0,
            0.0
        ],
        "106": [
            0.0,
            0.0
        ],
        "107": [
            -0.7,
            0.7
        ],
        "108": [
            0.0,
            0.0
        ],
        "109": [
            0.65,
            0.6
        ],
        "111": [
            -0.0875,
            0.3
        ],
        "112": [
            0.21999999999999997,
            0.125
        ],
        "114": [
            -0.4,
            0.1
        ],
        "115": [
            0.0,
            0.0
        ],
        "118": [
            0.263125,
            0.11249999999999999
        ],
        "119": [
            0.0,
            0.0
        ],
        "120": [
            0.0,
            0.0
        ],
        "121": [
            0.0,
            0.0
        ],
        "122": [
            0.0,
            0.0
        ],
        "125": [
            0.0,
            0.0
        ],
        "126": [
            0.0,
            0.0
        ],
        "127": [
            0.0,
            0.0
        ],
        "128": [
            0.0,
            0.0
        ],
        "132": [
            0.0,
            0.0
        ],
        "134": [
            0.0,
            0.0
        ],
        "135": [
            0.0,
            0.0
        ],
        "136": [
            0.0,
            0.0
        ],
        "137": [
            0.0,
            0.0
        ],
        "139": [
            -0.05,
            -0.1
        ],
        "140": [
            0.0,
            0.0
        ],
        "143": [
            -0.75,
            1.0
        ],
        "144": [
            0.0,
            0.0
        ],
        "145": [
            0.0,
            0.0
        ],
        "147": [
            -0.05,
            -0.1
        ],
        "148": [
            0.0,
            0.0
        ],
        "149": [
            0.1,
            0.1
        ],
        "150": [
            0.0,
            0.0
        ],
        "157": [
            0.0,
            0.0
        ],
        "160": [
            0.0,
            0.0
        ],
        "161": [
            0.0,
            0.0
        ],
        "163": [
            0.0,
            0.0
        ],
        "164": [
            0.0,
            0.0
        ],
        "165": [
            0.3,
            0.48
        ],
        "166": [
            0.0,
            0.0
        ],
        "168": [
            0.0,
            0.0
        ],
        "169": [
            0.0,
            0.0
        ],
        "173": [
            1.0,
            1.0
        ],
        "178": [
            0.0,
            0.0
        ],
        "180": [
            0.26666666666666666,
            0.39999999999999997
        ],
        "182": [
            0.15,
            0.2
        ],
        "183": [
            0.0,
            0.0
        ],
        "186": [
            0.0,
            0.0
        ],
        "187": [
            0.0,
            0.0
        ],
        "188": [
            0.0,
            0.0
        ],
        "189": [
            0.0,
            0.0
        ],
        "191": [
            0.0,
            0.0
        ],
        "192": [
            -0.1,
            0.15
        ],
        "193": [
            0.0,
            0.0
        ],
        "197": [
            0.1,
            0.0
        ],
        "203": [
            -0.1,
            0.15
        ],
        "205": [
            0.0,
            0.0
        ],
        "207": [
            0.0,
            0.0
        ],
        "208": [
            0.0,
            0.0
        ],
        "209": [
            0.0,
            0.0
        ],
        "217": [
            1.0,
            1.0
        ],
        "218": [
            -0.7,
            0.9
        ],
        "221": [
            0.0,
            0.0
        ],
        "228": [
            0.0,
            0.0
        ],
        "230": [
            0.0,
            0.0
        ],
        "231": [
            -0.625,
            0.1
        ],
        "232": [
            0.325,
            0.3
        ],
        "234": [
            0.1675,
            0.2625
        ],
        "236": [
            0.0,
            0.0
        ],
        "237": [
            -0.4,
            0.1
        ],
        "238": [
            0.0,
            0.0
        ],
        "239": [
            0.0,
            0.0
        ],
        "241": [
            0.0,
            0.2
        ],
        "242": [
            0.7,
            0.9
        ],
        "244": [
            0.0,
            0.0
        ],
        "245": [
            0.0,
            0.0
        ],
        "246": [
            0.0,
            0.0
        ],
        "247": [
            -0.1,
            0.1
        ],
        "248": [
            0.0,
            0.0
        ],
        "250": [
            -0.15666666666666668,
            0.32333333333333336
        ],
        "252": [
            0.0,
            0.0
        ],
        "253": [
            0.0,
            0.0
        ],
        "254": [
            0.0,
            0.0
        ],
        "255": [
            0.0,
            0.0
        ],
        "256": [
            0.7,
            0.7
        ],
        "257": [
            -0.225,
            0.15
        ],
        "258": [
            0.5,
            0.9
        ],
        "259": [
            0.506,
            0.48
        ],
        "261": [
            0.5,
            1.0
        ],
        "262": [
            0.5,
            1.0
        ],
        "263": [
            0.50625,
            0.35
        ],
        "264": [
            0.0,
            0.0
        ],
        "266": [
            -0.4,
            0.1
        ],
        "267": [
            0.0,
            0.0
        ],
        "269": [
            0.0,
            0.0
        ],
        "271": [
            0.0,
            0.0
        ],
        "272": [
            0.0,
            0.0
        ],
        "273": [
            0.0,
            0.0
        ],
        "274": [
            0.4166666666666667,
            0.36666666666666664
        ],
        "275": [
            0.0,
            0.0
        ],
        "277": [
            0.0,
            0.0
        ],
        "278": [
            0.0,
            0.0
        ],
        "279": [
            0.0,
            0.0
        ],
        "280": [
            0.0,
            0.0
        ],
        "282": [
            -0.1,
            0.15
        ],
        "284": [
            0.0,
            0.0
        ],
        "285": [
            0.0,
            0.0
        ],
        "286": [
            0.0,
            0.0
        ],
        "287": [
            0.0,
            0.0
        ],
        "289": [
            0.0,
            0.0
        ],
        "297": [
            0.0,
            0.0
        ],
        "298": [
            0.4470703125,
            0.3
        ],
        "300": [
            0.13333333333333333,
            0.049999999999999996
        ],
        "301": [
            -0.5,
            0.15
        ],
        "303": [
            0.0,
            0.0
        ],
        "305": [
            0.0,
            0.0
        ],
        "306": [
            0.0,
            0.0
        ],
        "307": [
            0.0,
            0.0
        ],
        "308": [
            0.42499999999999993,
            0.7000000000000001
        ],
        "310": [
            0.0,
            0.0
        ],
        "311": [
            0.325,
            0.275
        ],
        "312": [
            0.0,
            0.0
        ],
        "318": [
            0.0,
            0.0
        ],
        "319": [
            -0.07,
            0.1
        ],
        "320": [
            0.0,
            0.0
        ],
        "323": [
            0.0,
            0.0
        ],
        "325": [
            0.0,
            0.0
        ],
        "326": [
            0.0,
            0.0
        ],
        "327": [
            0.0,
            0.0
        ],
        "328": [
            0.0,
            0.0
        ],
        "330": [
            0.0,
            0.0
        ],
        "332": [
            0.0,
            0.0
        ],
        "334": [
            0.0,
            0.0
        ],
        "336": [
            0.0,
            0.0
        ],
        "341": [
            0.4,
            0.15
        ],
        "342": [
            0.0,
            0.0
        ],
        "345": [
            0.0,
            0.0
        ],
        "346": [
            0.15000000000000002,
            0.05
        ],
        "347": [
            0.325,
            0.3
        ],
        "349": [
            0.0,
            0.0
        ],
        "350": [
            0.0,
            0.0
        ],
        "351": [
            0.0,
            0.0
        ],
        "353": [
            0.0,
            0.0
        ],
        "354": [
            -0.5,
            0.1
        ],
        "357": [
            0.08333333333333331,
            0.3
        ],
        "358": [
            0.0,
            0.0
        ],
        "360": [
            -0.4,
            0.4
        ],
        "361": [
            0.0,
            0.0
        ],
        "364": [
            0.0,
            0.0
        ],
        "366": [
            0.0,
            0.0
        ],
        "367": [
            0.0,
            0.0
        ],
        "368": [
            0.275,
            0.125
        ],
        "374": [
            0.0,
            0.0
        ],
        "375": [
            0.0,
            0.0
        ],
        "376": [
            0.0,
            0.0
        ],
        "381": [
            0.0,
            0.0
        ],
        "383": [
            -0.5,
            0.5
        ],
        "386": [
            -0.08999999999999998,
            0.425
        ],
        "390": [
            0.0,
            0.0
        ],
        "392": [
            0.0,
            0.0
        ],
        "393": [
            0.0,
            0.0
        ],
        "397": [
            0.0,
            0.0
        ],
        "400": [
            0.0,
            0.0
        ],
        "402": [
            0.0,
            0.0
        ],
        "405": [
            0.0,
            0.0
        ],
        "407": [
            0.0,
            0.0
        ],
        "410": [
            -0.35,
            0.7
        ],
        "411": [
            0.0,
            0.0
        ],
        "412": [
            0.0,
            0.0
        ],
        "414": [
            0.0,
            0.0
        ],
        "415": [
            0.225,
            0.45
        ],
        "417": [
            0.5,
            1.0
        ],
        "418": [
            0.0,
            0.0
        ],
        "419": [
            0.0,
            0.0
        ],
        "420": [
            0.65,
            0.6
        ],
        "421": [
            0.0,
            0.0
        ],
        "424": [
            0.0,
            0.0
        ],
        "425": [
            0.0,
            0.0
        ],
        "428": [
            0.0,
            0.0
        ],
        "429": [
            -1.0,
            1.0
        ],
        "430": [
            0.0,
            0.0
        ],
        "431": [
            0.0,
            0.0
        ],
        "432": [
            0.0,
            0.0
        ],
        "435": [
            0.0,
            0.0
        ],
        "436": [
            0.0,
            0.0
        ],
        "440": [
            0.5,
            0.5
        ],
        "441": [
            0.4,
            0.0
        ],
        "445": [
            0.0,
            0.0
        ],
        "446": [
            0.0,
            0.0
        ],
        "448": [
            0.0,
            0.0
        ],
        "450": [
            0.0,
            0.0
        ],
        "451": [
            0.0,
            0.0
        ],
        "453": [
            0.0,
            0.0
        ],
        "456": [
            0.4,
            0.15
        ],
        "457": [
            0.0,
            0.0
        ],
        "462": [
            0.0,
            0.0
        ],
        "463": [
            0.0,
            0.0
        ],
        "465": [
            0.0,
            0.0
        ],
        "466": [
            0.0,
            0.0
        ],
        "467": [
            0.0,
            0.0
        ],
        "469": [
            0.0,
            0.0
        ],
        "470": [
            0.0,
            0.0
        ],
        "471": [
            0.0,
            0.0
        ],
        "472": [
            0.0,
            0.0
        ],
        "473": [
            0.0,
            0.0
        ],
        "476": [
            0.0,
            0.0
        ],
        "478": [
            0.0,
            0.0
        ],
        "479": [
            0.0,
            0.0
        ],
        "480": [
            0.0,
            0.0
        ],
        "481": [
            0.0,
            0.0
        ],
        "482": [
            0.0,
            0.0
        ],
        "483": [
            0.0,
            0.0
        ],
        "485": [
            0.0,
            0.0
        ],
        "486": [
            0.0,
            0.0
        ],
        "487": [
            0.0,
            0.0
        ],
        "491": [
            0.0,
            0.0
        ],
        "493": [
            0.0,
            0.0
        ],
        "495": [
            0.7,
            0.9
        ],
        "496": [
            0.5,
            0.15
        ],
        "497": [
            0.0,
            0.0
        ],
        "502": [
            -0.5,
            0.6
        ],
        "504": [
            0.44333333333333336,
            0.5499999999999999
        ],
        "507": [
            0.26,
            0.26666666666666666
        ],
        "510": [
            0.0,
            0.0
        ],
        "514": [
            -0.3,
            -0.6
        ],
        "516": [
            -0.2,
            0.125
        ],
        "518": [
            0.0,
            0.0
        ],
        "519": [
            0.0,
            0.0
        ],
        "522": [
            0.0,
            0.0
        ],
        "524": [
            0.0,
            0.0
        ],
        "525": [
            0.65,
            0.6
        ],
        "529": [
            0.0,
            0.0
        ],
        "531": [
            0.0,
            0.0
        ],
        "532": [
            0.0,
            0.0
        ],
        "533": [
            0.0,
            0.0
        ],
        "537": [
            0.0,
            0.0
        ],
        "540": [
            0.0,
            0.0
        ],
        "541": [
            0.0,
            0.0
        ],
        "543": [
            0.0,
            0.0
        ],
        "544": [
            0.0,
            0.0
        ],
        "546": [
            0.0,
            0.0
        ],
        "550": [
            0.0,
            0.0
        ],
        "552": [
            0.0,
            0.0
        ],
        "555": [
            1.0,
            1.0
        ],
        "556": [
            0.1,
            0.0
        ],
        "557": [
            0.0,
            0.0
        ],
        "559": [
            0.0,
            0.0
        ],
        "564": [
            0.0,
            0.0
        ],
        "566": [
            0.2,
            0.125
        ],
        "567": [
            0.0,
            0.0
        ],
        "573": [
            0.5375,
            0.2
        ],
        "574": [
            0.0,
            0.0
        ],
        "575": [
            0.0,
            0.0
        ],
        "577": [
            0.0,
            0.0
        ],
        "579": [
            0.0,
            0.0
        ],
        "582": [
            0.0,
            0.0
        ],
        "583": [
            0.0,
            0.0
        ],
        "585": [
            0.0,
            0.0
        ],
        "586": [
            0.0,
            0.0
        ],
        "587": [
            0.0,
            0.0
        ],
        "588": [
            0.0,
            0.0
        ],
        "590": [
            0.6072916666666667,
            0.7000000000000001
        ]
    },
    "petit_jardin": {
        "0": [
            0.0,
            0.0
        ],
        "1": [
            -0.1,
            0.15
        ],
        "2": [
            0.0,
            0.0
        ],
        "3": [
            0.625,
            0.9
        ],
        "4": [
            0.0,
            0.0
        ],
        "5": [
            0.3166666666666667,
            0.5666666666666668
        ],
        "6": [
            0.0,
            0.0
        ],
        "7": [
            0.0,
            0.0
        ],
        "8": [
            0.0,
            0.0
        ],
        "9": [
            0.05,
            0.275
        ],
        "10": [
            0.78125,
            0.9
        ],
        "11": [
            0.0,
            0.0
        ],
        "12": [
            0.5,
            0.5
        ],
        "14": [
            0.75,
            0.3
        ],
        "15": [
            0.24,
            0.26
        ],
        "16": [
            0.0,
            0.0
        ],
        "17": [
            0.0,
            0.0
        ],
        "18": [
            0.3666666666666667,
            0.6333333333333333
        ],
        "19": [
            0.0,
            0.0
        ],
        "20": [
            0.0,
            0.0
        ],
        "21": [
            0.0,
            0.0
        ],
        "22": [
            0.55,
            0.6
        ],
        "23": [
            0.4,
            0.4
        ],
        "24": [
            0.125,
            0.1
        ],
        "25": [
            0.6499999999999999,
            0.55
        ],
        "26": [
            0.04999999999999999,
            0.5
        ],
        "27": [
            0.0,
            0.0
        ],
        "28": [
            0.0,
            0.0
        ],
        "29": [
            0.0,
            0.0
        ],
        "30": [
            0.6,
            0.95
        ],
        "31": [
            0.04833333333333332,
            0.5
        ],
        "32": [
            1.0,
            0.3
        ],
        "33": [
            0.6,
            0.95
        ],
        "34": [
            0.2,
            0.35
        ],
        "35": [
            0.5,
            0.6333333333333334
        ],
        "36": [
            0.0,
            0.0
        ],
        "37": [
            0.875,
            1.0
        ],
        "38": [
            0.43,
            0.5
        ],
        "39": [
            0.0,
            0.0
        ],
        "40": [
            0.2,
            0.4
        ],
        "41": [
            0.5,
            0.9
        ],
        "42": [
            -0.425,
            0.55
        ],
        "43": [
            0.0,
            0.0
        ],
        "44": [
            0.0625,
            0.05
        ],
        "45": [
            1.0,
            1.0
        ],
        "46": [
            0.0,
            0.05
        ],
        "47": [
            0.6,
            0.3
        ],
        "48": [
            0.3833333333333333,
            0.6666666666666666
        ],
        "49": [
            0.50125,
            0.52
        ],
        "50": [
            0.0,
            0.0
        ],
        "51": [
            0.0,
            0.0
        ],
        "52": [
            0.0,
            0.0
        ],
        "53": [
            0.0,
            0.0
        ],
        "54": [
            0.15,
            0.1
        ],
        "55": [
            0.2,
            0.4
        ],
        "56": [
            0.0,
            0.0
        ],
        "57": [
            0.5,
            0.9
        ],
        "59": [
            0.5,
            0.9
        ],
        "60": [
            0.6,
            0.7333333333333333
        ],
        "61": [
            0.0,
            0.0
        ],
        "62": [
            0.0,
            0.0
        ],
        "63": [
            0.0,
            0.0
        ],
        "64": [
            0.0,
            0.0
        ],
        "65": [
            -0.15000000000000002,
            0.05
        ],
        "66": [
            0.054000000000000006,
            0.26
        ],
        "67": [
            0.6,
            0.95
        ],
        "68": [
            0.0,
            0.0
        ],
        "69": [
            0.0,
            0.0
        ],
        "70": [
            0.45,
            0.675
        ],
        "71": [
            0.255,
            0.525
        ],
        "72": [
            0.0,
            0.0
        ],
        "73": [
            0.0,
            0.0
        ],
        "74": [
            0.0,
            0.0
        ],
        "75": [
            -0.28,
            0.4
        ],
        "76": [
            -0.1,
            0.15
        ],
        "77": [
            0.0,
            0.0
        ],
        "78": [
            0.6,
            0.3
        ],
        "79": [
            0.0,
            0.0
        ],
        "80": [
            0.0,
            0.0
        ],
        "81": [
            0.6,
            0.3
        ],
        "82": [
            0.35,
            0.75
        ],
        "83": [
            0.44999999999999996,
            0.7
        ],
        "84": [
            0.0,
            0.0
        ],
        "86": [
            0.25,
            0.275
        ],
        "87": [
            0.0,
            0.0
        ],
        "88": [
            0.5,
            0.9
        ],
        "89": [
            0.0,
            0.0
        ],
        "90": [
            0.43125,
            0.6
        ],
        "91": [
            0.5,
            0.9
        ],
        "92": [
            0.0,
            0.0
        ],
        "93": [
            0.5,
            0.9
        ],
        "94": [
            0.1,
            0.1
        ],
        "95": [
            0.1,
            0.1
        ],
        "96": [
            0.5,
            0.9
        ],
        "97": [
            0.3,
            0.15
        ],
        "98": [
            0.0,
            0.0
        ],
        "99": [
            -0.06666666666666665,
            0.5
        ],
        "100": [
            -0.7,
            0.7
        ],
        "102": [
            0.0,
            0.0
        ],
        "103": [
            0.5,
            0.9
        ],
        "104": [
            0.5,
            0.9
        ],
        "106": [
            0.1375,
            0.15
        ],
        "107": [
            0.0,
            0.0
        ],
        "108": [
            0.625,
            0.9
        ],
        "110": [
            0.4953125,
            0.35
        ],
        "111": [
            0.6,
            0.95
        ],
        "112": [
            0.125,
            0.1
        ],
        "113": [
            0.0,
            0.0
        ],
        "114": [
            0.0,
            0.0
        ],
        "115": [
            -0.4,
            0.6
        ]
    },
    "shampoo_men": {
        "0": [
            0.0,
            0.0
        ],
        "1": [
            0.5,
            0.9
        ],
        "2": [
            0.0,
            0.0
        ],
        "3": [
            0.0,
            0.0
        ],
        "4": [
            0.0,
            0.0
        ],
        "5": [
            0.7,
            0.9
        ],
        "6": [
            0.5,
            0.9
        ],
        "7": [
            0.0,
            0.0
        ],
        "8": [
            -0.1,
            0.15
        ],
        "9": [
            0.0,
            0.0
        ],
        "10": [
            0.0,
            0.0
        ],
        "11": [
            -0.7,
            0.6
        ],
        "12": [
            0.0,
            0.0
        ],
        "13": [
            0.5,
            0.9
        ],
        "14": [
            0.17,
            0.15
        ],
        "15": [
            0.0,
            0.0
        ],
        "16": [
            0.0,
            0.0
        ],
        "17": [
            0.0,
            0.0
        ],
        "18": [
            0.7,
            0.9
        ],
        "19": [
            0.0,
            0.0
        ],
        "20": [
            0.0,
            0.0
        ],
        "21": [
            0.0,
            0.0
        ],
        "22": [
            0.0,
            0.0
        ],
        "23": [
            0.0,
            0.0
        ],
        "24": [
            0.0,
            0.0
        ],
        "25": [
            0.0,
            0.0
        ],
        "26": [
            0.0,
            0.0
        ],
        "27": [
            0.0,
            0.0
        ],
        "29": [
            0.0,
            0.0
        ],
        "30": [
            0.0,
            0.0
        ],
        "31": [
            0.0,
            0.0
        ],
        "32": [
            0.0,
            0.0
        ],
        "33": [
            0.0,
            0.0
        ],
        "34": [
            0.0,
            0.0
        ],
        "35": [
            0.5,
            0.9
        ],
        "36": [
            0.0,
            0.0
        ],
        "37": [
            0.625,
            0.9
        ],
        "38": [
            0.0,
            0.0
        ],
        "39": [
            0.5,
            0.9
        ],
        "40": [
            0.0,
            0.0
        ],
        "41": [
            0.17,
            0.15
        ],
        "42": [
            0.0,
            0.0
        ],
        "43": [
            0.0,
            0.0
        ],
        "44": [
            0.0,
            0.0
        ],
        "45": [
            0.5,
            0.9
        ],
        "46": [
            0.0,
            0.0
        ],
        "47": [
            0.5,
            0.9
        ],
        "48": [
            0.0,
            0.0
        ],
        "49": [
            0.0,
            0.0
        ],
        "50": [
            0.0,
            0.0
        ],
        "51": [
            0.15,
            0.2
        ],
        "52": [
            0.0,
            0.0
        ],
        "53": [
            0.17,
            0.15
        ],
        "54": [
            0.0,
            0.0
        ],
        "55": [
            0.0,
            0.0
        ],
        "56": [
            0.0,
            0.0
        ],
        "57": [
            0.0,
            0.0
        ],
        "58": [
            0.0,
            0.0
        ],
        "59": [
            0.625,
            0.9
        ],
        "60": [
            0.0,
            0.0
        ],
        "61": [
            0.0,
            0.0
        ]
    },
    "shampoo_women_1l": {
        "0": [
            0.0,
            0.0
        ],
        "1": [
            0.0,
            0.0
        ],
        "2": [
            0.0,
            0.0
        ],
        "3": [
            0.0,
            0.0
        ],
        "4": [
            0.0,
            0.0
        ],
        "5": [
            0.0,
            0.0
        ],
        "6": [
            0.5,
            0.9
        ],
        "7": [
            0.0,
            0.0
        ],
        "8": [
            0.0,
            0.0
        ],
        "9": [
            0.7,
            0.9
        ],
        "10": [
            -0.4,
            0.1
        ],
        "11": [
            0.0,
            0.0
        ],
        "12": [
            0.0,
            0.0
        ],
        "13": [
            0.0,
            0.0
        ],
        "14": [
            -0.4,
            0.6
        ],
        "15": [
            0.0,
            0.0
        ],
        "16": [
            0.0,
            0.0
        ],
        "17": [
            0.0,
            0.0
        ],
        "18": [
            0.0,
            0.0
        ],
        "19": [
            0.0,
            0.0
        ],
        "20": [
            0.0,
            0.0
        ],
        "21": [
            0.0,
            0.0
        ],
        "22": [
            0.0,
            0.0
        ],
        "23": [
            0.0,
            0.0
        ],
        "24": [
            0.12,
            0.15
        ]
    },
    "shampoo_women_5l": {
        "0": [
            -0.1,
            0.15
        ],
        "1": [
            0.0,
            0.0
        ],
        "2": [
            0.0,
            0.0
        ],
        "3": [
            0.3,
            0.1
        ],
        "4": [
            0.0,
            0.0
        ],
        "5": [
            0.0,
            0.0
        ],
        "6": [
            0.0,
            0.0
        ],
        "7": [
            0.7,
            0.9
        ],
        "8": [
            0.0,
            0.0
        ],
        "9": [
            0.17,
            0.15
        ],
        "10": [
            0.0,
            0.0
        ],
        "11": [
            0.0,
            0.0
        ],
        "12": [
            0.0,
            0.0
        ],
        "13": [
            0.0,
            0.0
        ],
        "14": [
            0.0,
            0.0
        ],
        "15": [
            0.15,
            0.2
        ],
        "16": [
            0.7,
            0.9
        ],
        "17": [
            0.04999999999999999,
            0.5
        ],
        "18": [
            0.5,
            0.9
        ],
        "19": [
            0.0,
            0.0
        ],
        "20": [
            0.0,
            0.0
        ],
        "21": [
            0.0,
            0.0
        ],
        "22": [
            0.0,
            0.0
        ],
        "23": [
            0.0,
            0.0
        ],
        "24": [
            0.0,
            0.0
        ],
        "25": [
            0.25,
            0.4
        ],
        "26": [
            0.7,
            0.9
        ],
        "27": [
            0.0,
            0.0
        ],
        "28": [
            0.0,
            0.0
        ],
        "29": [
            0.0,
            0.0
        ],
        "30": [
            0.0,
            0.0
        ],
        "31": [
            0.0,
            0.0
        ],
        "32": [
            0.0,
            0.0
        ],
        "33": [
            0.0,
            0.0
        ],
        "34": [
            0.0,
            0.0
        ],
        "35": [
            0.21000000000000002,
            0.275
        ],
        "36": [
            0.0,
            0.0
        ],
        "37": [
            0.0,
            0.0
        ],
        "38": [
            0.0,
            0.0
        ],
        "39": [
            0.0,
            0.0
        ],
        "40": [
            0.0,
            0.0
        ],
        "41": [
            0.25,
            0.4
        ],
        "42": [
            0.0,
            0.0
        ],
        "43": [
            0.17,
            0.15
        ],
        "44": [
            -0.35,
            0.7
        ],
        "45": [
            0.0,
            0.0
        ],
        "46": [
            0.0,
            0.0
        ],
        "47": [
            -0.4,
            0.1
        ],
        "49": [
            0.0,
            0.0
        ],
        "50": [
            0.0,
            0.0
        ],
        "51": [
            0.5,
            0.9
        ],
        "52": [
            0.0,
            0.0
        ],
        "53": [
            0.0,
            0.0
        ],
        "54": [
            0.0,
            0.0
        ],
        "55": [
            0.0,
            0.0
        ],
        "56": [
            0.0,
            0.0
        ],
        "57": [
            0.0,
            0.0
        ],
        "58": [
            0.7,
            0.9
        ],
        "59": [
            0.0,
            0.0
        ],
        "60": [
            0.0,
            0.0
        ],
        "61": [
            0.0,
            0.0
        ],
        "62": [
            0.0,
            0.0
        ],
        "63": [
            0.5,
            0.9
        ],
        "64": [
            0.0,
            0.0
        ],
        "65": [
            0.0,
            0.0
        ]
    },
    "victor_ferry": {
        "0": [
            0.5,
            0.9
        ],
        "1": [
            0.0,
            0.0
        ],
        "2": [
            0.9,
            0.2
        ],
        "3": [
            0.0,
            0.0
        ],
        "5": [
            0.0,
            0.0
        ],
        "6": [
            0.0,
            0.0
        ],
        "7": [
            0.5,
            0.7
        ],
        "8": [
            0.0,
            0.0
        ],
        "9": [
            0.0,
            0.0
        ],
        "10": [
            0.0,
            0.0
        ],
        "11": [
            0.18571428571428575,
            0.33571428571428574
        ],
        "12": [
            0.43,
            0.2
        ],
        "13": [
            0.0,
            0.0
        ],
        "14": [
            0.0,
            0.0
        ],
        "15": [
            0.012500000000000004,
            0.14999999999999997
        ],
        "16": [
            0.3,
            0.2333333333333333
        ],
        "17": [
            0.0,
            0.0
        ],
        "18": [
            0.0,
            0.0
        ],
        "19": [
            0.5,
            0.9
        ],
        "20": [
            0.0,
            0.0
        ],
        "21": [
            0.0,
            0.0
        ],
        "22": [
            0.0,
            0.0
        ],
        "23": [
            0.12,
            0.15
        ],
        "24": [
            0.445,
            0.42500000000000004
        ],
        "25": [
            0.0,
            0.0
        ],
        "26": [
            0.0,
            0.0
        ],
        "27": [
            0.5375,
            0.2
        ],
        "28": [
            0.0,
            0.3
        ],
        "29": [
            0.13,
            0.25
        ],
        "30": [
            0.8125,
            0.6
        ],
        "31": [
            0.0,
            0.0
        ],
        "32": [
            0.0,
            0.0
        ],
        "33": [
            0.0,
            0.0
        ],
        "34": [
            0.30000000000000004,
            0.30000000000000004
        ],
        "36": [
            -0.1,
            -0.2
        ]
    }
}