{
    "mattress": {
        "0": [
            0.0,
            1.0,
            0.0,
            0.0
        ],
        "1": [
            0.054,
            0.838,
            0.108,
            0.4926
        ],
        "2": [
            0.0,
            1.0,
            0.0,
            0.0
        ],
        "3": [
            0.0,
            0.721,
            0.279,
            0.9589
        ],
        "4": [
            0.0,
            1.0,
            0.0,
            0.0
        ],
        "5": [
            0.118,
            0.672,
            0.21,
            0.8313
        ],
        "6": [
            0.0,
            0.721,
            0.279,
            0.7892
        ],
        "7": [
            0.204,
            0.717,
            0.079,
            -0.5109
        ],
        "8": [
            0.0,
            0.761,
            0.239,
            0.8588
        ],
        "9": [
            0.0,
            0.27,
            0.73,
            0.9738
        ],
        "10": [
            0.093,
            0.735,
            0.172,
            0.6187
        ],
        "11": [
            0.0,
            0.461,
            0.539,
            0.9329
        ],
        "12": [
            0.0,
            0.545,
            0.455,
            0.3612
        ],
        "13": [
            0.017,
            0.941,
            0.042,
            0.2144
        ],
        "14": [
            0.0,
            0.711,
            0.289,
            0.9186
        ],
        "15": [
            0.071,
            0.682,
            0.247,
            0.9436
        ],
        "16": [
            0.038,
            0.741,
            0.221,
            0.9859
        ],
        "17": [
            0.22,
            0.567,
            0.213,
            -0.0409
        ],
        "18": [
            0.04,
            0.764,
            0.196,
            0.9908
        ],
        "19": [
            0.0,
            0.854,
            0.146,
            0.7172
        ],
        "20": [
            0.0,
            0.615,
            0.385,
            0.8977
        ],
        "21": [
            0.05,
            0.816,
            0.134,
            0.4852
        ],
        "22": [
            0.0,
            0.81,
            0.19,
            0.7571
        ],
        "23": [
            0.122,
            0.78,
            0.098,
            -0.4155
        ],
        "24": [
            0.0,
            0.374,
            0.626,
            0.7717
        ],
        "26": [
            0.063,
            0.614,
            0.323,
            0.9679
        ],
        "27": [
            0.0,
            0.81,
            0.19,
            0.9622
        ],
        "28": [
            0.057,
            0.811,
            0.131,
            0.8555
        ],
        "29": [
            0.068,
            0.663,
            0.27,
            0.9201
        ],
        "30": [
            0.0,
            0.76,
            0.24,
            0.9676
        ],
        "31": [
            0.32,
            0.68,
            0.0,
            -0.5106
        ],
        "32": [
            0.028,
            0.807,
            0.165,
            0.9477
        ],
        "33": [
            0.0,
            0.476,
            0.524,
            0.9217
        ],
        "34": [
            0.029,
            0.666,
            0.304,
            0.9472
        ],
        "35": [
            0.0,
            0.753,
            0.247,
            0.9606
        ],
        "36": [
            0.0,
            0.884,
            0.116,
            0.4404
        ],
        "37": [
            0.0,
            0.811,
            0.189,
            0.9659
        ],
        "38": [
            0.046,
            0.927,
            0.027,
            -0.0937
        ],
        "39": [
            0.092,
            0.754,
            0.153,
            0.5416
        ],
        "40": [
            0.084,
            0.714,
            0.201,
            0.5574
        ],
        "41": [
            0.0,
            0.932,
            0.068,
            0.3612
        ],
        "42": [
            0.0,
            0.0,
            1.0,
            0.5106
        ],
        "43": [
            0.129,
            0.612,
            0.259,
            0.4404
        ],
        "44": [
            0.0,
            0.782,
            0.218,
            0.7717
        ],
        "45": [
            0.059,
            0.643,
            0.298,
            0.9768
        ],
        "46": [
            0.0,
            0.915,
            0.085,
            0.5994
        ],
        "47": [
            0.0,
            0.213,
            0.787,
            0.5719
        ],
        "48": [
            0.094,
            0.792,
            0.114,
            0.7751
        ],
        "49": [
            0.0,
            0.218,
            0.782,
            0.5563
        ]
    },
    "no_mans_sky": {
        "0": [
            0.036,
            0.814,
            0.15,
            0.7227
        ],
        "1": [
            0.1,
            0.584,
            0.316,
            0.7754
        ],
        "2": [
            0.0,
            0.303,
            0.697,
            0.3182
        ],
        "5": [
            0.0,
            0.582,
            0.418,
            0.7845
        ],
        "7": [
            0.335,
            0.458,
            0.207,
            -0.1982
        ],
        "10": [
            0.0,
            0.465,
            0.535,
            0.3182
        ],
        "11": [
            0.0,
            0.501,
            0.499,
            0.4572
        ],
        "13": [
            0.021,
            0.752,
            0.228,
            0.9773
        ],
        "14": [
            0.018,
            0.838,
            0.144,
            0.9918
        ],
        "17": [
            0.0,
            1.0,
            0.0,
            0.0
        ],
        "21": [
            0.0,
            1.0,
            0.0,
            0.0
        ],
        "23": [
            0.0,
            1.0,
            0.0,
            0.0
        ],
        "24": [
            0.042,
            0.741,
            0.217,
            0.7645
        ],
        "26": [
            0.046,
            0.728,
            0.226,
            0.9796
        ],
        "27": [
            0.0,
            1.0,
            0.0,
            0.0
        ],
        "28": [
            0.0,
            0.447,
            0.553,
            0.872
        ],
        "34": [
            0.0,
            1.0,
            0.0,
            0.0
        ],
        "35": [
            0.0,
            0.556,
            0.444,
            0.34
        ],
        "36": [
            0.0,
            0.238,
            0.762,
            0.4927
        ],
        "41": [
            0.0,
            0.797,
            0.203,
            0.8658
        ],
        "42": [
            0.023,
            0.818,
            0.159,
            0.8834
        ],
        "43": [
            0.056,
            0.708,
            0.235,
            0.9851
        ],
        "44": [
            0.059,
            0.662,
            0.28,
            0.8537
        ],
        "46": [
            0.112,
            0.872,
            0.016,
            -0.8402
        ],
        "47": [
            0.0,
            0.843,
            0.157,
            0.4215
        ],
        "48": [
            0.0,
            0.185,
            0.815,
            0.6588
        ],
        "49": [
            0.19,
            0.705,
            0.105,
            -0.2787
        ],
        "50": [
            0.0,
            1.0,
            0.0,
            0.0
        ],
        "51": [
            0.086,
            0.753,
            0.161,
            0.4215
        ],
        "55": [
            0.103,
            0.792,
            0.106,
            0.296
        ],
        "57": [
            0.146,
            0.77,
            0.084,
            -0.3837
        ],
        "58": [
            0.0,
            0.486,
            0.514,
            0.9299
        ],
        "61": [
            0.059,
            0.759,
            0.182,
            0.9308
        ],
        "62": [
            0.0,
            0.782,
            0.218,
            0.8196
        ],
        "65": [
            0.084,
            0.759,
            0.157,
            0.7495
        ],
        "67": [
            0.0,
            0.661,
            0.339,
            0.6249
        ],
        "69": [
            0.035,
            0.696,
            0.269,
            0.915
        ],
        "71": [
            0.057,
            0.943,
            0.0,
            -0.1027
        ],
        "73": [
            0.0,
            1.0,
            0.0,
            0.0
        ],
        "74": [
            0.0,
            0.633,
            0.367,
            0.4404
        ],
        "75": [
            0.0,
            0.545,
            0.455,
            0.3612
        ],
        "76": [
            0.0,
            1.0,
            0.0,
            0.0
        ],
        "78": [
            0.0,
            0.176,
            0.824,
            0.6892
        ],
        "79": [
            0.0,
            1.0,
            0.0,
            0.0
        ],
        "82": [
            0.046,
            0.688,
            0.267,
            0.8625
        ],
        "83": [
            0.0,
            1.0,
            0.0,
            0.0
        ],
        "85": [
            0.0,
            0.328,
            0.672,
            0.6249
        ],
        "87": [
            0.0,
            0.642,
            0.358,
            0.4199
        ],
        "90": [
            0.026,
            0.8,
            0.175,
            0.9668
        ],
        "91": [
            0.0,
            0.372,
            0.628,
            0.9152
        ],
        "95": [
            0.05,
            0.95,
            0.0,
            -0.4023
        ],
        "96": [
            0.0,
            1.0,
            0.0,
            0.0
        ],
        "97": [
            0.034,
            0.749,
            0.218,
            0.9678
        ],
        "98": [
            0.0,
            0.303,
            0.697,
            0.3182
        ],
        "99": [
            0.047,
            0.697,
            0.256,
            0.9387
        ],
        "100": [
            0.141,
            0.813,
            0.046,
            -0.5792
        ],
        "103": [
            0.0,
            0.67,
            0.33,
            0.9531
        ],
        "104": [
            0.029,
            0.938,
            0.032,
            0.0772
        ],
        "105": [
            0.048,
            0.743,
            0.209,
            0.9417
        ],
        "106": [
            0.0,
            0.385,
            0.615,
            0.4927
        ],
        "107": [
            0.105,
            0.774,
            0.121,
            0.1289
        ],
        "108": [
            0.0,
            0.718,
            0.282,
            0.9736
        ],
        "109": [
            0.0,
            1.0,
            0.0,
            0.0
        ],
        "111": [
            0.037,
            0.841,
            0.122,
            0.9736
        ],
        "112": [
            0.022,
            0.882,
            0.097,
            0.8316
        ],
        "114": [
            0.115,
            0.793,
            0.092,
            -0.2144
        ],
        "115": [
            0.0,
            1.0,
            0.0,
            0.0
        ],
        "118": [
            0.0,
            0.962,
            0.038,
            0.7639
        ],
        "119": [
            0.0,
            0.527,
            0.473,
            0.5563
        ],
        "120": [
            0.0,
            0.757,
            0.243,
            0.6652
        ],
        "121": [
            0.0,
            0.597,
            0.403,
            0.879
        ],
        "122": [
            0.0,
            0.729,
            0.271,
            0.8832
        ],
        "125": [
            0.0,
            0.549,
            0.451,
            0.6249
        ],
        "126": [
            0.203,
            0.651,
            0.146,
            -0.5253
        ],
        "127": [
            0.0,
            1.0,
            0.0,
            0.0
        ],
        "128": [
            0.0,
            0.0,
            1.0,
            0.5106
        ],
        "132": [
            0.0,
            1.0,
            0.0,
            0.0
        ],
        "134": [
            0.0,
            1.0,
            0.0,
            0.0
        ],
        "135": [
            0.0,
            0.838,
            0.162,
            0.6996
        ],
        "136": [
            0.061,
            0.861,
            0.078,
            0.296
        ],
        "137": [
            0.0,
            0.596,
            0.404,
            0.9709
        ],
        "139": [
            0.148,
            0.383,
            0.469,
            0.908
        ],
        "140": [
            0.0,
            1.0,
            0.0,
            0.0
        ],
        "143": [
            0.149,
            0.513,
            0.338,
            0.5719
        ],
        "144": [
            0.0,
            1.0,
            0.0,
            0.0
        ],
        "145": [
            0.0,
            1.0,
            0.0,
            0.0
        ],
        "147": [
            0.293,
            0.707,
            0.0,
            -0.8957
        ],
        "148": [
            0.042,
            0.751,
            0.208,
            0.9244
        ],
        "149": [
            0.108,
            0.809,
            0.082,
            -0.2263
        ],
        "150": [
            0.035,
            0.672,
            0.293,
            0.9836
        ],
        "157": [
            0.145,
            0.855,
            0.0,
            -0.296
        ],
        "160": [
            0.0,
            0.0,
            1.0,
            0.5983
        ],
        "161": [
            0.0,
            0.485,
            0.515,
            0.6486
        ],
        "163": [
            0.0,
            0.323,
            0.677,
            0.7424
        ],
        "164": [
            0.0,
            1.0,
            0.0,
            0.0
        ],
        "165": [
            0.0,
            0.742,
            0.258,
            0.9839
        ],
        "166": [
            0.0,
            0.263,
            0.737,
            0.4215
        ],
        "168": [
            0.141,
            0.676,
            0.183,
            0.4756
        ],
        "169": [
            0.0,
            1.0,
            0.0,
            0.0
        ],
        "173": [
            0.0,
            0.594,
            0.406,
            0.6249
        ],
        "178": [
            0.0,
            0.441,
            0.559,
            0.5859
        ],
        "180": [
            0.048,
            0.7,
            0.251,
            0.9645
        ],
        "182": [
            0.096,
            0.663,
            0.241,
            0.4691
        ],
        "183": [
            0.098,
            0.69,
            0.212,
            0.7172
        ],
        "186": [
            0.0,
            1.0,
            0.0,
            0.0
        ],
        "187": [
            0.75,
            0.25,
            0.0,
            -0.4585
        ],
        "188": [
            0.0,
            0.0,
            1.0,
            0.4404
        ],
        "189": [
            0.199,
            0.621,
            0.18,
            -0.0772
        ],
        "191": [
            0.0,
            1.0,
            0.0,
            0.0
        ],
        "192": [
            0.082,
            0.843,
            0.075,
            -0.0772
        ],
        "193": [
            0.0,
            0.408,
            0.592,
            0.4404
        ],
        "197": [
            0.18,
            0.671,
            0.149,
            -0.6812
        ],
        "203": [
            0.0,
            0.882,
            0.118,
            0.818
        ],
        "205": [
            0.028,
            0.791,
            0.181,
            0.8275
        ],
        "207": [
            0.08,
            0.748,
            0.172,
            0.987
        ],
        "208": [
            0.277,
            0.538,
            0.185,
            -0.296
        ],
        "209": [
            0.213,
            0.535,
            0.252,
            0.0762
        ],
        "217": [
            0.0,
            1.0,
            0.0,
            0.0
        ],
        "218": [
            0.058,
            0.679,
            0.263,
            0.945
        ],
        "221": [
            0.0,
            0.623,
            0.377,
            0.8519
        ],
        "228": [
            0.0,
            0.217,
            0.783,
            0.5574
        ],
        "230": [
            0.0,
            0.25,
            0.75,
            0.7184
        ],
        "231": [
            0.056,
            0.849,
            0.096,
            0.4184
        ],
        "232": [
            0.094,
            0.575,
            0.33,
            0.9576
        ],
        "234": [
            0.121,
            0.686,
            0.192,
            0.8832
        ],
        "236": [
            0.183,
            0.602,
            0.215,
            -0.1965
        ],
        "237": [
            0.0,
            1.0,
            0.0,
            0.0
        ],
        "238": [
            0.0,
            1.0,
            0.0,
            0.0
        ],
        "239": [
            0.0,
            0.817,
            0.183,
            0.6696
        ],
        "241": [
            0.044,
            0.709,
            0.247,
            0.9647
        ],
        "242": [
            0.0,
            0.412,
            0.588,
            0.9081
        ],
        "244": [
            0.0,
            1.0,
            0.0,
            0.0
        ],
        "245": [
            0.0,
            0.588,
            0.412,
            0.6369
        ],
        "246": [
            0.159,
            0.784,
            0.057,
            -0.8591
        ],
        "247": [
            0.136,
            0.709,
            0.155,
            0.2017
        ],
        "248": [
            0.046,
            0.87,
            0.085,
            0.4404
        ],
        "250": [
            0.11,
            0.823,
            0.067,
            -0.8848
        ],
        "252": [
            0.0,
            0.593,
            0.407,
            0.8625
        ],
        "253": [
            0.0,
            0.86,
            0.14,
            0.7346
        ],
        "254": [
            0.0,
            0.833,
            0.167,
            0.2023
        ],
        "255": [
            0.0,
            0.408,
            0.592,
            0.4404
        ],
        "256": [
            0.099,
            0.736,
            0.164,
            0.6276
        ],
        "257": [
            0.049,
            0.798,
            0.153,
            0.9392
        ],
        "258": [
            0.012,
            0.716,
            0.271,
            0.9773
        ],
        "259": [
            0.042,
            0.749,
            0.208,
            0.9963
        ],
        "261": [
            0.0,
            1.0,
            0.0,
            0.0
        ],
        "262": [
            0.0,
            1.0,
            0.0,
            0.0
        ],
        "263": [
            0.053,
            0.789,
            0.158,
            0.7463
        ],
        "264": [
            0.0,
            0.0,
            1.0,
            0.6588
        ],
        "266": [
            0.157,
            0.745,
            0.098,
            -0.2774
        ],
        "267": [
            0.0,
            0.562,
            0.438,
            0.7906
        ],
        "269": [
            0.0,
            0.793,
            0.207,
            0.6688
        ],
        "271": [
            0.0,
            0.839,
            0.161,
            0.7845
        ],
        "272": [
            0.0,
            0.256,
            0.744,
            0.4404
        ],
        "273": [
            0.0,
            1.0,
            0.0,
            0.0
        ],
        "274": [
            0.034,
            0.754,
            0.212,
            0.9796
        ],
        "275": [
            0.0,
            0.861,
            0.139,
            0.2716
        ],
        "277": [
            0.0,
            0.238,
            0.762,
            0.4927
        ],
        "278": [
            0.0,
            0.93,
            0.07,
            0.4588
        ],
        "279": [
            0.0,
            0.864,
            0.136,
            0.5106
        ],
        "280": [
            0.0,
            0.319,
            0.681,
            0.6441
        ],
        "282": [
            0.193,
            0.408,
            0.399,
            0.7259
        ],
        "284": [
            0.0,
            0.641,
            0.359,
            0.8553
        ],
        "285": [
            0.0,
            1.0,
            0.0,
            0.0
        ],
        "286": [
            0.0,
            0.192,
            0.808,
            0.6369
        ],
        "287": [
            0.0,
            0.235,
            0.765,
            0.7579
        ],
        "289": [
            0.0,
            1.0,
            0.0,
            0.0
        ],
        "297": [
            0.0,
            1.0,
            0.0,
            0.0
        ],
        "298": [
            0.045,
            0.826,
            0.129,
            0.9522
        ],
        "300": [
            0.037,
            0.875,
            0.088,
            0.4648
        ],
        "301": [
            0.078,
            0.876,
            0.045,
            -0.4249
        ],
        "303": [
            0.0,
            0.7,
            0.3,
            0.8934
        ],
        "305": [
            0.0,
            0.192,
            0.808,
            0.6369
        ],
        "306": [
            0.0,
            0.247,
            0.753,
            0.7269
        ],
        "307": [
            0.058,
            0.822,
            0.12,
            0.4215
        ],
        "308": [
            0.032,
            0.703,
            0.265,
            0.9885
        ],
        "310": [
            0.0,
            1.0,
            0.0,
            0.0
        ],
        "311": [
            0.052,
            0.805,
            0.143,
            0.9774
        ],
        "312": [
            0.0,
            0.0,
            1.0,
            0.4215
        ],
        "318": [
            0.0,
            0.249,
            0.751,
            0.8425
        ],
        "319": [
            0.0,
            0.499,
            0.501,
            0.959
        ],
        "320": [
            0.0,
            0.476,
            0.524,
            0.765
        ],
        "323": [
            0.0,
            0.0,
            1.0,
            0.99
        ],
        "325": [
            0.0,
            0.472,
            0.528,
            0.6808
        ],
        "326": [
            0.0,
            1.0,
            0.0,
            0.0
        ],
        "327": [
            0.108,
            0.59,
            0.302,
            0.9211
        ],
        "328": [
            0.0,
            0.508,
            0.492,
            0.4404
        ],
        "330": [
            0.0,
            0.256,
            0.744,
            0.4404
        ],
        "332": [
            0.0,
            0.543,
            0.457,
            0.985
        ],
        "334": [
            0.026,
            0.838,
            0.135,
            0.8442
        ],
        "336": [
            0.0,
            1.0,
            0.0,
            0.0
        ],
        "341": [
            0.0,
            0.661,
            0.339,
            0.6249
        ],
        "342": [
            0.0,
            0.541,
            0.459,
            0.7783
        ],
        "345": [
            0.096,
            0.58,
            0.325,
            0.836
        ],
        "346": [
            0.057,
            0.868,
            0.075,
            0.1531
        ],
        "347": [
            0.0,
            0.788,
            0.212,
            0.984
        ],
        "349": [
            0.031,
            0.781,
            0.187,
            0.8856
        ],
        "350": [
            0.0,
            0.357,
            0.643,
            0.6588
        ],
        "351": [
            0.096,
            0.864,
            0.04,
            -0.5267
        ],
        "353": [
            0.0,
            1.0,
            0.0,
            0.0
        ],
        "354": [
            0.029,
            0.753,
            0.218,
            0.9926
        ],
        "357": [
            0.075,
            0.781,
            0.144,
            0.9219
        ],
        "358": [
            0.0,
            0.688,
            0.312,
            0.7783
        ],
        "360": [
            0.104,
            0.686,
            0.209,
            0.8616
        ],
        "361": [
            0.0,
            0.671,
            0.329,
            0.5994
        ],
        "364": [
            0.345,
            0.655,
            0.0,
            -0.2755
        ],
        "366": [
            0.333,
            0.667,
            0.0,
            -0.3612
        ],
        "367": [
            0.0,
            1.0,
            0.0,
            0.0
        ],
        "368": [
            0.055,
            0.7,
            0.246,
            0.9651
        ],
        "374": [
            0.0,
            0.46,
            0.54,
            0.8553
        ],
        "375": [
            0.0,
            1.0,
            0.0,
            0.0
        ],
        "376": [
            0.025,
            0.611,
            0.364,
            0.9804
        ],
        "381": [
            0.0,
            1.0,
            0.0,
            0.0
        ],
        "383": [
            0.0,
            1.0,
            0.0,
            0.0
        ],
        "386": [
            0.084,
            0.818,
            0.097,
            0.2899
        ],
        "390": [
            0.075,
            0.876,
            0.049,
            0.0258
        ],
        "392": [
            0.131,
            0.199,
            0.669,
            0.9382
        ],
        "393": [
            0.0,
            0.18,
            0.82,
            0.8442
        ],
        "397": [
            0.706,
            0.294,
            0.0,
            -0.34
        ],
        "400": [
            0.0,
            1.0,
            0.0,
            0.0
        ],
        "402": [
            0.0,
            0.0,
            1.0,
            0.4019
        ],
        "405": [
            0.0,
            0.527,
            0.473,
            0.6696
        ],
        "407": [
            0.0,
            0.476,
            0.524,
            0.5106
        ],
        "410": [
            0.048,
            0.679,
            0.273,
            0.8979
        ],
        "411": [
            0.0,
            0.697,
            0.303,
            0.875
        ],
        "412": [
            0.0,
            0.895,
            0.105,
            0.25
        ],
        "414": [
            0.0,
            1.0,
            0.0,
            0.0
        ],
        "415": [
            0.103,
            0.747,
            0.15,
            0.3789
        ],
        "417": [
            0.0,
            0.548,
            0.452,
            0.5106
        ],
        "418": [
            0.0,
            0.625,
            0.375,
            0.765
        ],
        "419": [
            0.09,
            0.625,
            0.285,
            0.7184
        ],
        "420": [
            0.028,
            0.82,
            0.152,
            0.8243
        ],
        "421": [
            0.063,
            0.514,
            0.423,
            0.9628
        ],
        "424": [
            0.0,
            0.342,
            0.658,
            0.8625
        ],
        "425": [
            0.0,
            0.815,
            0.185,
            0.3612
        ],
        "428": [
            0.0,
            1.0,
            0.0,
            0.0
        ],
        "429": [
            0.368,
            0.632,
            0.0,
            -0.5423
        ],
        "430": [
            0.054,
            0.76,
            0.186,
            0.9827
        ],
        "431": [
            0.037,
            0.743,
            0.219,
            0.8828
        ],
        "432": [
            0.0,
            0.417,
            0.583,
            0.6369
        ],
        "435": [
            0.0,
            0.484,
            0.516,
            0.4927
        ],
        "436": [
            0.103,
            0.704,
            0.192,
            0.4404
        ],
        "440": [
            0.0,
            0.458,
            0.542,
            0.9578
        ],
        "441": [
            0.113,
            0.612,
            0.275,
            0.8957
        ],
        "445": [
            0.0,
            1.0,
            0.0,
            0.0
        ],
        "446": [
            0.0,
            0.286,
            0.714,
            0.3612
        ],
        "448": [
            0.0,
            0.488,
            0.512,
            0.6369
        ],
        "450": [
            0.124,
            0.622,
            0.254,
            0.3612
        ],
        "451": [
            0.0,
            1.0,
            0.0,
            0.0
        ],
        "453": [
            0.0,
            0.196,
            0.804,
            0.6249
        ],
        "456": [
            0.203,
            0.5,
            0.297,
            0.4638
        ],
        "457": [
            0.0,
            0.575,
            0.425,
            0.5719
        ],
        "462": [
            0.0,
            0.152,
            0.848,
            0.6808
        ],
        "463": [
            0.0,
            0.223,
            0.777,
            0.5413
        ],
        "465": [
            0.27,
            0.73,
            0.0,
            -0.5719
        ],
        "466": [
            0.097,
            0.615,
            0.288,
            0.9374
        ],
        "467": [
            0.151,
            0.772,
            0.077,
            -0.3187
        ],
        "469": [
            0.0,
            0.323,
            0.677,
            0.4939
        ],
        "470": [
            0.0,
            0.192,
            0.808,
            0.9987
        ],
        "471": [
            0.0,
            1.0,
            0.0,
            0.0
        ],
        "472": [
            0.0,
            0.398,
            0.602,
            0.8213
        ],
        "473": [
            0.0,
            0.719,
            0.281,
            0.7397
        ],
        "476": [
            0.0,
            0.949,
            0.051,
            0.3382
        ],
        "478": [
            0.245,
            0.755,
            0.0,
            -0.3818
        ],
        "479": [
            1.0,
            0.0,
            0.0,
            -0.5423
        ],
        "480": [
            0.069,
            0.806,
            0.125,
            0.5264
        ],
        "481": [
            0.0,
            0.846,
            0.154,
            0.6124
        ],
        "482": [
            0.05,
            0.776,
            0.174,
            0.9523
        ],
        "483": [
            0.0,
            0.704,
            0.296,
            0.9207
        ],
        "485": [
            0.0,
            0.563,
            0.437,
            0.86
        ],
        "486": [
            0.0,
            0.507,
            0.493,
            0.8934
        ],
        "487": [
            0.0,
            0.239,
            0.761,
            0.4926
        ],
        "491": [
            0.094,
            0.738,
            0.168,
            0.8208
        ],
        "493": [
            0.0,
            1.0,
            0.0,
            0.0
        ],
        "495": [
            0.15,
            0.697,
            0.153,
            0.0228
        ],
        "496": [
            0.0,
            0.834,
            0.166,
            0.4926
        ],
        "497": [
            0.0,
            0.192,
            0.808,
            0.9854
        ],
        "502": [
            0.063,
            0.822,
            0.115,
            0.7908
        ],
        "504": [
            0.006,
            0.878,
            0.117,
            0.9732
        ],
        "507": [
            0.103,
            0.789,
            0.107,
            0.2382
        ],
        "510": [
            0.0,
            0.0,
            1.0,
            0.5972
        ],
        "514": [
            0.0,
            1.0,
            0.0,
            0.0
        ],
        "516": [
            0.046,
            0.837,
            0.117,
            0.9565
        ],
        "518": [
            0.057,
            0.668,
            0.275,
            0.936
        ],
        "519": [
            0.0,
            0.453,
            0.547,
            0.7034
        ],
        "522": [
            0.0,
            0.338,
            0.662,
            0.8339
        ],
        "524": [
            0.63,
            0.37,
            0.0,
            -0.7783
        ],
        "525": [
            0.0,
            0.693,
            0.307,
            0.7351
        ],
        "529": [
            0.0,
            0.758,
            0.242,
            0.7498
        ],
        "531": [
            0.0,
            0.625,
            0.375,
            0.3818
        ],
        "532": [
            0.115,
            0.863,
            0.023,
            -0.8294
        ],
        "533": [
            0.0,
            0.895,
            0.105,
            0.6593
        ],
        "537": [
            0.0,
            0.722,
            0.278,
            0.6124
        ],
        "540": [
            0.0,
            0.741,
            0.259,
            0.7715
        ],
        "541": [
            0.148,
            0.704,
            0.148,
            -0.228
        ],
        "543": [
            0.0,
            1.0,
            0.0,
            0.0
        ],
        "544": [
            0.0,
            0.699,
            0.301,
            0.5775
        ],
        "546": [
            0.0,
            1.0,
            0.0,
            0.0
        ],
        "550": [
            0.0,
            0.325,
            0.675,
            0.8519
        ],
        "552": [
            0.0,
            0.33,
            0.67,
            0.7269
        ],
        "555": [
            0.0,
            0.886,
            0.114,
            0.4003
        ],
        "556": [
            0.04,
            0.747,
            0.213,
            0.8281
        ],
        "557": [
            0.0,
            0.484,
            0.516,
            0.7446
        ],
        "559": [
            0.0,
            0.458,
            0.542,
            0.7964
        ],
        "564": [
            0.0,
            0.856,
            0.144,
            0.4939
        ],
        "566": [
            0.0,
            1.0,
            0.0,
            0.0
        ],
        "567": [
            0.0,
            0.0,
            1.0,
            0.6114
        ],
        "573": [
            0.0,
            0.938,
            0.062,
            0.5562
        ],
        "574": [
            0.0,
            1.0,
            0.0,
            0.0
        ],
        "575": [
            0.027,
            0.788,
            0.184,
            0.936
        ],
        "577": [
            0.0,
            1.0,
            0.0,
            0.0
        ],
        "579": [
            0.0,
            0.234,
            0.766,
            0.7615
        ],
        "582": [
            0.0,
            0.576,
            0.424,
            0.7082
        ],
        "583": [
            0.0,
            0.33,
            0.67,
            0.7269
        ],
        "585": [
            0.08,
            0.713,
            0.207,
            0.7089
        ],
        "586": [
            0.0,
            0.549,
            0.451,
            0.6249
        ],
        "587": [
            0.0,
            1.0,
            0.0,
            0.0
        ],
        "588": [
            0.0,
            1.0,
            0.0,
            0.0
        ],
        "590": [
            0.0,
            1.0,
            0.0,
            0.0
        ]
    },
    "petit_jardin": {
        "0": [
            0.0,
            1.0,
            0.0,
            0.0
        ],
        "1": [
            0.0,
            0.847,
            0.153,
            0.2023
        ],
        "2": [
            0.067,
            0.933,
            0.0,
            -0.128
        ],
        "3": [
            0.0,
            0.656,
            0.344,
            0.636
        ],
        "4": [
            0.0,
            1.0,
            0.0,
            0.0
        ],
        "5": [
            0.0,
            0.871,
            0.129,
            0.5719
        ],
        "6": [
            0.0,
            1.0,
            0.0,
            0.0
        ],
        "7": [
            0.0,
            1.0,
            0.0,
            0.0
        ],
        "8": [
            0.0,
            1.0,
            0.0,
            0.0
        ],
        "9": [
            0.0,
            0.946,
            0.054,
            0.4215
        ],
        "10": [
            0.0,
            1.0,
            0.0,
            0.0
        ],
        "11": [
            0.0,
            1.0,
            0.0,
            0.0
        ],
        "12": [
            0.017,
            0.963,
            0.02,
            0.0772
        ],
        "14": [
            0.0,
            1.0,
            0.0,
            0.0
        ],
        "15": [
            0.093,
            0.741,
            0.166,
            0.9572
        ],
        "16": [
            0.0,
            0.87,
            0.13,
            0.2023
        ],
        "17": [
            0.0,
            1.0,
            0.0,
            0.0
        ],
        "18": [
            0.018,
            0.982,
            0.0,
            -0.128
        ],
        "19": [
            0.0,
            1.0,
            0.0,
            0.0
        ],
        "20": [
            0.0,
            1.0,
            0.0,
            0.0
        ],
        "21": [
            0.0,
            1.0,
            0.0,
            0.0
        ],
        "22": [
            0.0,
            0.758,
            0.242,
            0.9682
        ],
        "23": [
            0.0,
            1.0,
            0.0,
            0.0
        ],
        "24": [
            0.0,
            1.0,
            0.0,
            0.0
        ],
        "25": [
            0.0,
            1.0,
            0.0,
            0.0
        ],
        "26": [
            0.0,
            0.829,
            0.171,
            0.5719
        ],
        "27": [
            0.0,
            1.0,
            0.0,
            0.0
        ],
        "28": [
            0.0,
            0.918,
            0.082,
            0.1779
        ],
        "29": [
            0.0,
            0.836,
            0.164,
            0.6705
        ],
        "30": [
            0.0,
            1.0,
            0.0,
            0.0
        ],
        "31": [
            0.038,
            0.755,
            0.207,
            0.9117
        ],
        "32": [
            0.0,
            1.0,
            0.0,
            0.0
        ],
        "33": [
            0.0,
            1.0,
            0.0,
            0.0
        ],
        "34": [
            0.0,
            1.0,
            0.0,
            0.0
        ],
        "35": [
            0.0,
            1.0,
            0.0,
            0.0
        ],
        "36": [
            0.027,
            0.973,
            0.0,
            -0.2003
        ],
        "37": [
            0.029,
            0.691,
            0.281,
            0.9695
        ],
        "38": [
            0.0,
            0.883,
            0.117,
            0.555
        ],
        "39": [
            0.0,
            0.878,
            0.122,
            0.5994
        ],
        "40": [
            0.0,
            1.0,
            0.0,
            0.0
        ],
        "41": [
            0.0,
            1.0,
            0.0,
            0.0
        ],
        "42": [
            0.0,
            0.93,
            0.07,
            0.7482
        ],
        "43": [
            0.0,
            1.0,
            0.0,
            0.0
        ],
        "44": [
            0.037,
            0.803,
            0.16,
            0.9646
        ],
        "45": [
            0.0,
            0.874,
            0.126,
            0.5994
        ],
        "46": [
            0.019,
            0.981,
            0.0,
            -0.25
        ],
        "47": [
            0.0,
            1.0,
            0.0,
            0.0
        ],
        "48": [
            0.0,
            0.893,
            0.107,
            0.636
        ],
        "49": [
            0.0,
            0.918,
            0.082,
            0.7825
        ],
        "50": [
            0.0,
            1.0,
            0.0,
            0.0
        ],
        "51": [
            0.0,
            1.0,
            0.0,
            0.0
        ],
        "52": [
            0.0,
            0.647,
            0.353,
            0.9349
        ],
        "53": [
            0.0,
            0.685,
            0.315,
            0.7227
        ],
        "54": [
            0.084,
            0.788,
            0.129,
            0.2225
        ],
        "55": [
            0.0,
            1.0,
            0.0,
            0.0
        ],
        "56": [
            0.0,
            0.627,
            0.373,
            0.893
        ],
        "57": [
            0.0,
            0.909,
            0.091,
            0.5719
        ],
        "59": [
            0.0,
            1.0,
            0.0,
            0.0
        ],
        "60": [
            0.0,
            0.843,
            0.157,
            0.7717
        ],
        "61": [
            0.0,
            0.921,
            0.079,
            0.2023
        ],
        "62": [
            0.0,
            1.0,
            0.0,
            0.0
        ],
        "63": [
            0.0,
            1.0,
            0.0,
            0.0
        ],
        "64": [
            0.0,
            1.0,
            0.0,
            0.0
        ],
        "65": [
            0.02,
            0.98,
            0.0,
            -0.128
        ],
        "66": [
            0.026,
            0.959,
            0.014,
            -0.4098
        ],
        "67": [
            0.0,
            1.0,
            0.0,
            0.0
        ],
        "68": [
            0.0,
            0.687,
            0.313,
            0.4927
        ],
        "69": [
            0.086,
            0.914,
            0.0,
            -0.128
        ],
        "70": [
            0.0,
            1.0,
            0.0,
            0.0
        ],
        "71": [
            0.0,
            0.965,
            0.035,
            0.5719
        ],
        "72": [
            0.0,
            1.0,
            0.0,
            0.0
        ],
        "73": [
            0.0,
            1.0,
            0.0,
            0.0
        ],
        "74": [
            0.0,
            1.0,
            0.0,
            0.0
        ],
        "75": [
            0.0,
            1.0,
            0.0,
            0.0
        ],
        "76": [
            0.0,
            1.0,
            0.0,
            0.0
        ],
        "77": [
            0.0,
            1.0,
            0.0,
            0.0
        ],
        "78": [
            0.0,
            0.875,
            0.125,
            0.6486
        ],
        "79": [
            0.0,
            0.508,
            0.492,
            0.4404
        ],
        "80": [
            0.143,
            0.571,
            0.286,
            0.3612
        ],
        "81": [
            0.073,
            0.927,
            0.0,
            -0.128
        ],
        "82": [
            0.0,
            1.0,
            0.0,
            0.0
        ],
        "83": [
            0.0,
            0.965,
            0.035,
            0.4588
        ],
        "84": [
            0.0,
            0.909,
            0.091,
            0.2023
        ],
        "86": [
            0.034,
            0.913,
            0.053,
            0.4588
        ],
        "87": [
            0.0,
            0.741,
            0.259,
            0.3506
        ],
        "88": [
            0.0,
            0.448,
            0.552,
            0.5719
        ],
        "89": [
            0.0,
            1.0,
            0.0,
            0.0
        ],
        "90": [
            0.0,
            0.957,
            0.043,
            0.2714
        ],
        "91": [
            0.0,
            1.0,
            0.0,
            0.0
        ],
        "92": [
            0.0,
            0.745,
            0.255,
            0.9186
        ],
        "93": [
            0.0,
            1.0,
            0.0,
            0.0
        ],
        "94": [
            0.0,
            1.0,
            0.0,
            0.0
        ],
        "95": [
            0.0,
            1.0,
            0.0,
            0.0
        ],
        "96": [
            0.0,
            0.659,
            0.341,
            0.886
        ],
        "97": [
            0.032,
            0.968,
            0.0,
            -0.128
        ],
        "98": [
            0.0,
            1.0,
            0.0,
            0.0
        ],
        "99": [
            0.024,
            0.907,
            0.069,
            0.6808
        ],
        "100": [
            0.025,
            0.911,
            0.065,
            0.5267
        ],
        "102": [
            0.0,
            1.0,
            0.0,
            0.0
        ],
        "103": [
            0.0,
            0.729,
            0.271,
            0.7717
        ],
        "104": [
            0.0,
            0.519,
            0.481,
            0.5719
        ],
        "106": [
            0.023,
            0.977,
            0.0,
            -0.2003
        ],
        "107": [
            0.0,
            1.0,
            0.0,
            0.0
        ],
        "108": [
            0.0,
            0.89,
            0.11,
            0.7597
        ],
        "110": [
            0.046,
            0.954,
            0.0,
            -0.3956
        ],
        "111": [
            0.0,
            0.929,
            0.071,
            0.4588
        ],
        "112": [
            0.022,
            0.978,
            0.0,
            -0.2003
        ],
        "113": [
            0.0,
            1.0,
            0.0,
            0.0
        ],
        "114": [
            0.15,
            0.742,
            0.108,
            -0.1169
        ],
        "115": [
            0.0,
            1.0,
            0.0,
            0.0
        ]
    },
    "shampoo_men": {
        "0": [
            0.0,
            1.0,
            0.0,
            0.0
        ],
        "1": [
            0.0,
            1.0,
            0.0,
            0.0
        ],
        "2": [
            0.0,
            1.0,
            0.0,
            0.0
        ],
        "3": [
            0.0,
            1.0,
            0.0,
            0.0
        ],
        "4": [
            0.0,
            1.0,
            0.0,
            0.0
        ],
        "5": [
            0.0,
            1.0,
            0.0,
            0.0
        ],
        "6": [
            0.0,
            1.0,
            0.0,
            0.0
        ],
        "7": [
            0.0,
            1.0,
            0.0,
            0.0
        ],
        "8": [
            0.0,
            1.0,
            0.0,
            0.0
        ],
        "9": [
            0.0,
            1.0,
            0.0,
            0.0
        ],
        "10": [
            0.0,
            1.0,
            0.0,
            0.0
        ],
        "11": [
            0.0,
            1.0,
            0.0,
            0.0
        ],
        "12": [
            0.0,
            1.0,
            0.0,
            0.0
        ],
        "13": [
            0.0,
            1.0,
            0.0,
            0.0
        ],
        "14": [
            0.0,
            1.0,
            0.0,
            0.0
        ],
        "15": [
            0.0,
            1.0,
            0.0,
            0.0
        ],
        "16": [
            0.0,
            1.0,
            0.0,
            0.0
        ],
        "17": [
            0.0,
            1.0,
            0.0,
            0.0
        ],
        "18": [
            0.0,
            1.0,
            0.0,
            0.0
        ],
        "19": [
            0.0,
            1.0,
            0.0,
            0.0
        ],
        "20": [
            0.0,
            1.0,
            0.0,
            0.0
        ],
        "21": [
            0.0,
            1.0,
            0.0,
            0.0
        ],
        "22": [
            0.0,
            1.0,
            0.0,
            0.0
        ],
        "23": [
            0.0,
            1.0,
            0.0,
            0.0
        ],
        "24": [
            0.0,
            1.0,
            0.0,
            0.0
        ],
        "25": [
            0.0,
            1.0,
            0.0,
            0.0
        ],
        "26": [
            0.0,
            1.0,
            0.0,
            0.0
        ],
        "27": [
            0.0,
            1.0,
            0.0,
            0.0
        ],
        "29": [
            0.0,
            1.0,
            0.0,
            0.0
        ],
        "30": [
            0.0,
            1.0,
            0.0,
            0.0
        ],
        "31": [
            0.0,
            1.0,
            0.0,
            0.0
        ],
        "32": [
            0.0,
            1.0,
            0.0,
            0.0
        ],
        "33": [
            0.0,
            1.0,
            0.0,
            0.0
        ],
        "34": [
            0.0,
            1.0,
            0.0,
            0.0
        ],
        "35": [
            0.0,
            1.0,
            0.0,
            0.0
        ],
        "36": [
            0.0,
            1.0,
            0.0,
            0.0
        ],
        "37": [
            0.0,
            1.0,
            0.0,
            0.0
        ],
        "38": [
            0.0,
            1.0,
            0.0,
            0.0
        ],
        "39": [
            0.0,
            1.0,
            0.0,
            0.0
        ],
        "40": [
            0.0,
            1.0,
            0.0,
            0.0
        ],
        "41": [
            0.0,
            1.0,
            0.0,
            0.0
        ],
        "42": [
            0.0,
            0.455,
            0.545,
            0.7184
        ],
        "43": [
            0.0,
            1.0,
            0.0,
            0.0
        ],
        "44": [
            0.0,
            1.0,
            0.0,
            0.0
        ],
        "45": [
            0.0,
            1.0,
            0.0,
            0.0
        ],
        "46": [
            0.0,
            1.0,
            0.0,
            0.0
        ],
        "47": [
            0.0,
            1.0,
            0.0,
            0.0
        ],
        "48": [
            0.0,
            1.0,
            0.0,
            0.0
        ],
        "49": [
            0.0,
            1.0,
            0.0,
            0.0
        ],
        "50": [
            0.0,
            1.0,
            0.0,
            0.0
        ],
        "51": [
            0.0,
            1.0,
            0.0,
            0.0
        ],
        "52": [
            0.0,
            1.0,
            0.0,
            0.0
        ],
        "53": [
            0.0,
            1.0,
            0.0,
            0.0
        ],
        "54": [
            0.0,
            0.864,
            0.136,
            0.5093
        ],
        "55": [
            0.0,
            1.0,
            0.0,
            0.0
        ],
        "56": [
            0.0,
            1.0,
            0.0,
            0.0
        ],
        "57": [
            0.0,
            1.0,
            0.0,
            0.0
        ],
        "58": [
            0.0,
            1.0,
            0.0,
            0.0
        ],
        "59": [
            0.0,
            1.0,
            0.0,
            0.0
        ],
        "60": [
            0.0,
            1.0,
            0.0,
            0.0
        ],
        "61": [
            0.156,
            0.844,
            0.0,
            -0.34
        ]
    },
    "shampoo_women_1l": {
        "0": [
            0.0,
            1.0,
            0.0,
            0.0
        ],
        "1": [
            0.0,
            1.0,
            0.0,
            0.0
        ],
        "2": [
            0.0,
            1.0,
            0.0,
            0.0
        ],
        "3": [
            0.0,
            1.0,
            0.0,
            0.0
        ],
        "4": [
            0.0,
            1.0,
            0.0,
            0.0
        ],
        "5": [
            0.0,
            1.0,
            0.0,
            0.0
        ],
        "6": [
            0.0,
            1.0,
            0.0,
            0.0
        ],
        "7": [
            0.0,
            1.0,
            0.0,
            0.0
        ],
        "8": [
            0.0,
            1.0,
            0.0,
            0.0
        ],
        "9": [
            0.0,
            1.0,
            0.0,
            0.0
        ],
        "10": [
            0.0,
            1.0,
            0.0,
            0.0
        ],
        "11": [
            0.0,
            1.0,
            0.0,
            0.0
        ],
        "12": [
            0.0,
            1.0,
            0.0,
            0.0
        ],
        "13": [
            0.0,
            1.0,
            0.0,
            0.0
        ],
        "14": [
            0.0,
            1.0,
            0.0,
            0.0
        ],
        "15": [
            0.0,
            1.0,
            0.0,
            0.0
        ],
        "16": [
            0.0,
            1.0,
            0.0,
            0.0
        ],
        "17": [
            0.0,
            1.0,
            0.0,
            0.0
        ],
        "18": [
            0.0,
            1.0,
            0.0,
            0.0
        ],
        "19": [
            0.0,
            1.0,
            0.0,
            0.0
        ],
        "20": [
            0.0,
            1.0,
            0.0,
            0.0
        ],
        "21": [
            0.0,
            1.0,
            0.0,
            0.0
        ],
        "22": [
            0.0,
            0.854,
            0.146,
            0.4404
        ],
        "23": [
            0.0,
            1.0,
            0.0,
            0.0
        ],
        "24": [
            0.0,
            1.0,
            0.0,
            0.0
        ]
    },
    "shampoo_women_5l": {
        "0": [
            0.0,
            1.0,
            0.0,
            0.0
        ],
        "1": [
            0.0,
            1.0,
            0.0,
            0.0
        ],
        "2": [
            0.0,
            1.0,
            0.0,
            0.0
        ],
        "3": [
            0.0,
            1.0,
            0.0,
            0.0
        ],
        "4": [
            0.0,
            1.0,
            0.0,
            0.0
        ],
        "5": [
            0.0,
            1.0,
            0.0,
            0.0
        ],
        "6": [
            0.0,
            1.0,
            0.0,
            0.0
        ],
        "7": [
            0.0,
            1.0,
            0.0,
            0.0
        ],
        "8": [
            0.0,
            1.0,
            0.0,
            0.0
        ],
        "9": [
            0.0,
            1.0,
            0.0,
            0.0
        ],
        "10": [
            0.0,
            1.0,
            0.0,
            0.0
        ],
        "11": [
            0.0,
            0.682,
            0.318,
            0.4215
        ],
        "12": [
            0.0,
            1.0,
            0.0,
            0.0
        ],
        "13": [
            0.0,
            1.0,
            0.0,
            0.0
        ],
        "14": [
            0.0,
            1.0,
            0.0,
            0.0
        ],
        "15": [
            0.0,
            1.0,
            0.0,
            0.0
        ],
        "16": [
            0.0,
            1.0,
            0.0,
            0.0
        ],
        "17": [
            0.0,
            1.0,
            0.0,
            0.0
        ],
        "18": [
            0.0,
            1.0,
            0.0,
            0.0
        ],
        "19": [
            0.0,
            1.0,
            0.0,
            0.0
        ],
        "20": [
            0.0,
            1.0,
            0.0,
            0.0
        ],
        "21": [
            0.0,
            1.0,
            0.0,
            0.0
        ],
        "22": [
            0.0,
            1.0,
            0.0,
            0.0
        ],
        "23": [
            0.0,
            1.0,
            0.0,
            0.0
        ],
        "24": [
            0.0,
            1.0,
            0.0,
            0.0
        ],
        "25": [
            0.0,
            1.0,
            0.0,
            0.0
        ],
        "26": [
            0.0,
            0.727,
            0.273,
            0.4588
        ],
        "27": [
            0.0,
            1.0,
            0.0,
            0.0
        ],
        "28": [
            0.0,
            1.0,
            0.0,
            0.0
        ],
        "29": [
            0.0,
            1.0,
            0.0,
            0.0
        ],
        "30": [
            0.118,
            0.882,
            0.0,
            -0.34
        ],
        "31": [
            0.0,
            1.0,
            0.0,
            0.0
        ],
        "32": [
            0.0,
            1.0,
            0.0,
            0.0
        ],
        "33": [
            0.0,
            1.0,
            0.0,
            0.0
        ],
        "34": [
            0.0,
            1.0,
            0.0,
            0.0
        ],
        "35": [
            0.0,
            1.0,
            0.0,
            0.0
        ],
        "36": [
            0.0,
            1.0,
            0.0,
            0.0
        ],
        "37": [
            0.0,
            1.0,
            0.0,
            0.0
        ],
        "38": [
            0.0,
            1.0,
            0.0,
            0.0
        ],
        "39": [
            0.0,
            1.0,
            0.0,
            0.0
        ],
        "40": [
            0.0,
            1.0,
            0.0,
            0.0
        ],
        "41": [
            0.0,
            1.0,
            0.0,
            0.0
        ],
        "42": [
            0.0,
            1.0,
            0.0,
            0.0
        ],
        "43": [
            0.0,
            1.0,
            0.0,
            0.0
        ],
        "44": [
            0.0,
            1.0,
            0.0,
            0.0
        ],
        "45": [
            0.0,
            1.0,
            0.0,
            0.0
        ],
        "46": [
            0.0,
            1.0,
            0.0,
            0.0
        ],
        "47": [
            0.0,
            1.0,
            0.0,
            0.0
        ],
        "49": [
            0.0,
            1.0,
            0.0,
            0.0
        ],
        "50": [
            0.0,
            1.0,
            0.0,
            0.0
        ],
        "51": [
            0.0,
            1.0,
            0.0,
            0.0
        ],
        "52": [
            0.0,
            1.0,
            0.0,
            0.0
        ],
        "53": [
            0.0,
            1.0,
            0.0,
            0.0
        ],
        "54": [
            0.0,
            1.0,
            0.0,
            0.0
        ],
        "55": [
            0.0,
            1.0,
            0.0,
            0.0
        ],
        "56": [
            0.0,
            1.0,
            0.0,
            0.0
        ],
        "57": [
            0.0,
            1.0,
            0.0,
            0.0
        ],
        "58": [
            0.0,
            1.0,
            0.0,
            0.0
        ],
        "59": [
            0.0,
            1.0,
            0.0,
            0.0
        ],
        "60": [
            0.0,
            1.0,
            0.0,
            0.0
        ],
        "61": [
            0.0,
            1.0,
            0.0,
            0.0
        ],
        "62": [
            0.0,
            1.0,
            0.0,
            0.0
        ],
        "63": [
            0.0,
            1.0,
            0.0,
            0.0
        ],
        "64": [
            0.0,
            1.0,
            0.0,
            0.0
        ],
        "65": [
            0.0,
            1.0,
            0.0,
            0.0
        ]
    },
    "victor_ferry": {
        "0": [
            0.0,
            0.0,
            1.0,
            0.5719
        ],
        "1": [
            0.0,
            1.0,
            0.0,
            0.0
        ],
        "2": [
            0.0,
            0.824,
            0.176,
            0.4588
        ],
        "3": [
            0.07,
            0.93,
            0.0,
            -0.5423
        ],
        "5": [
            0.0,
            1.0,
            0.0,
            0.0
        ],
        "6": [
            0.0,
            0.935,
            0.065,
            0.4588
        ],
        "7": [
            0.035,
            0.904,
            0.061,
            0.3612
        ],
        "8": [
            0.0,
            1.0,
            0.0,
            0.0
        ],
        "9": [
            0.0,
            1.0,
            0.0,
            0.0
        ],
        "10": [
            0.0,
            1.0,
            0.0,
            0.0
        ],
        "11": [
            0.014,
            0.967,
            0.019,
            -0.126
        ],
        "12": [
            0.0,
            1.0,
            0.0,
            0.0
        ],
        "13": [
            0.042,
            0.873,
            0.085,
            0.3612
        ],
        "14": [
            0.0,
            1.0,
            0.0,
            0.0
        ],
        "15": [
            0.0,
            1.0,
            0.0,
            0.0
        ],
        "16": [
            0.0,
            1.0,
            0.0,
            0.0
        ],
        "17": [
            0.0,
            0.735,
            0.265,
            0.8402
        ],
        "18": [
            0.0,
            1.0,
            0.0,
            0.0
        ],
        "19": [
            0.0,
            0.97,
            0.03,
            0.5719
        ],
        "20": [
            0.0,
            1.0,
            0.0,
            0.0
        ],
        "21": [
            0.0,
            0.949,
            0.051,
            0.5423
        ],
        "22": [
            0.0,
            1.0,
            0.0,
            0.0
        ],
        "23": [
            0.0,
            1.0,
            0.0,
            0.0
        ],
        "24": [
            0.0,
            1.0,
            0.0,
            0.0
        ],
        "25": [
            0.0,
            1.0,
            0.0,
            0.0
        ],
        "26": [
            0.0,
            1.0,
            0.0,
            0.0
        ],
        "27": [
            0.0,
            1.0,
            0.0,
            0.0
        ],
        "28": [
            0.0,
            0.919,
            0.081,
            0.4588
        ],
        "29": [
            0.0,
            0.948,
            0.052,
            0.8126
        ],
        "30": [
            0.041,
            0.959,
            0.0,
            -0.2003
        ],
        "31": [
            0.058,
            0.817,
            0.125,
            0.4019
        ],
        "32": [
            0.0,
            1.0,
            0.0,
            0.0
        ],
        "33": [
            0.0,
            1.0,
            0.0,
            0.0
        ],
        "34": [
            0.0,
            0.959,
            0.041,
            0.5719
        ],
        "36": [
            0.0,
            1.0,
            0.0,
            0.0
        ]
    }
}