{
    "mattress": {
        "0": [
            0.286,
            0.714,
            0.0,
            -0.8481
        ],
        "1": [
            0.041,
            0.746,
            0.213,
            0.8805
        ],
        "2": [
            0.273,
            0.727,
            0.0,
            -0.4588
        ],
        "3": [
            0.0,
            0.637,
            0.363,
            0.985
        ],
        "4": [
            0.188,
            0.812,
            0.0,
            -0.4588
        ],
        "5": [
            0.103,
            0.64,
            0.256,
            0.9412
        ],
        "6": [
            0.0,
            0.692,
            0.308,
            0.8928
        ],
        "7": [
            0.233,
            0.639,
            0.128,
            -0.5862
        ],
        "8": [
            0.0,
            0.707,
            0.293,
            0.9223
        ],
        "9": [
            0.0,
            0.296,
            0.704,
            0.9843
        ],
        "10": [
            0.172,
            0.637,
            0.191,
            0.5719
        ],
        "11": [
            0.0,
            0.489,
            0.511,
            0.9567
        ],
        "12": [
            0.0,
            0.505,
            0.495,
            0.8687
        ],
        "13": [
            0.015,
            0.946,
            0.039,
            0.2144
        ],
        "14": [
            0.0,
            0.655,
            0.345,
            0.9638
        ],
        "15": [
            0.076,
            0.702,
            0.222,
            0.9425
        ],
        "16": [
            0.034,
            0.747,
            0.219,
            0.9883
        ],
        "17": [
            0.22,
            0.617,
            0.163,
            -0.1428
        ],
        "18": [
            0.038,
            0.763,
            0.198,
            0.9916
        ],
        "19": [
            0.0,
            0.744,
            0.256,
            0.9298
        ],
        "20": [
            0.0,
            0.554,
            0.446,
            0.9552
        ],
        "21": [
            0.043,
            0.77,
            0.187,
            0.7391
        ],
        "22": [
            0.0,
            0.735,
            0.265,
            0.92
        ],
        "23": [
            0.106,
            0.764,
            0.13,
            0.6092
        ],
        "24": [
            0.0,
            0.364,
            0.636,
            0.9324
        ],
        "26": [
            0.053,
            0.611,
            0.335,
            0.9768
        ],
        "27": [
            0.0,
            0.794,
            0.206,
            0.9732
        ],
        "28": [
            0.053,
            0.82,
            0.127,
            0.8745
        ],
        "29": [
            0.055,
            0.672,
            0.273,
            0.9481
        ],
        "30": [
            0.0,
            0.713,
            0.287,
            0.9824
        ],
        "31": [
            0.286,
            0.714,
            0.0,
            -0.7783
        ],
        "32": [
            0.041,
            0.77,
            0.189,
            0.9614
        ],
        "33": [
            0.0,
            0.425,
            0.575,
            0.9719
        ],
        "34": [
            0.024,
            0.657,
            0.319,
            0.9654
        ],
        "35": [
            0.022,
            0.726,
            0.253,
            0.9693
        ],
        "36": [
            0.078,
            0.785,
            0.137,
            0.3031
        ],
        "37": [
            0.0,
            0.745,
            0.255,
            0.9868
        ],
        "38": [
            0.038,
            0.91,
            0.052,
            0.2891
        ],
        "39": [
            0.07,
            0.722,
            0.207,
            0.8124
        ],
        "40": [
            0.058,
            0.628,
            0.314,
            0.9081
        ],
        "41": [
            0.0,
            0.888,
            0.112,
            0.6597
        ],
        "42": [
            0.0,
            0.28,
            0.72,
            0.8834
        ],
        "43": [
            0.17,
            0.556,
            0.274,
            0.6124
        ],
        "44": [
            0.0,
            0.677,
            0.323,
            0.9358
        ],
        "45": [
            0.053,
            0.629,
            0.318,
            0.9823
        ],
        "46": [
            0.0,
            0.878,
            0.122,
            0.7783
        ],
        "47": [
            0.0,
            0.378,
            0.622,
            0.91
        ],
        "48": [
            0.098,
            0.787,
            0.115,
            0.7719
        ],
        "49": [
            0.0,
            0.451,
            0.549,
            0.807
        ]
    },
    "no_mans_sky": {
        "0": [
            0.033,
            0.775,
            0.192,
            0.82
        ],
        "1": [
            0.091,
            0.558,
            0.351,
            0.8503
        ],
        "2": [
            0.0,
            0.265,
            0.735,
            0.6739
        ],
        "5": [
            0.0,
            0.536,
            0.464,
            0.8555
        ],
        "7": [
            0.289,
            0.434,
            0.277,
            0.182
        ],
        "10": [
            0.0,
            0.385,
            0.615,
            0.5859
        ],
        "11": [
            0.0,
            0.421,
            0.579,
            0.6696
        ],
        "13": [
            0.044,
            0.749,
            0.208,
            0.9698
        ],
        "14": [
            0.018,
            0.834,
            0.148,
            0.9922
        ],
        "17": [
            0.0,
            0.444,
            0.556,
            0.3612
        ],
        "21": [
            0.0,
            0.577,
            0.423,
            0.5673
        ],
        "23": [
            0.297,
            0.703,
            0.0,
            -0.2755
        ],
        "24": [
            0.039,
            0.715,
            0.245,
            0.8097
        ],
        "26": [
            0.045,
            0.721,
            0.234,
            0.9811
        ],
        "27": [
            0.0,
            0.444,
            0.556,
            0.3612
        ],
        "28": [
            0.0,
            0.421,
            0.579,
            0.9081
        ],
        "34": [
            0.0,
            0.706,
            0.294,
            0.3612
        ],
        "35": [
            0.0,
            0.449,
            0.551,
            0.5994
        ],
        "36": [
            0.0,
            0.26,
            0.74,
            0.6901
        ],
        "41": [
            0.0,
            0.768,
            0.232,
            0.9042
        ],
        "42": [
            0.022,
            0.8,
            0.178,
            0.9011
        ],
        "43": [
            0.055,
            0.704,
            0.241,
            0.986
        ],
        "44": [
            0.054,
            0.633,
            0.313,
            0.8967
        ],
        "46": [
            0.124,
            0.861,
            0.015,
            -0.861
        ],
        "47": [
            0.0,
            0.751,
            0.249,
            0.6486
        ],
        "48": [
            0.0,
            0.225,
            0.775,
            0.784
        ],
        "49": [
            0.212,
            0.693,
            0.096,
            -0.3977
        ],
        "50": [
            0.0,
            1.0,
            0.0,
            0.0
        ],
        "51": [
            0.079,
            0.713,
            0.209,
            0.6486
        ],
        "55": [
            0.1,
            0.797,
            0.103,
            0.296
        ],
        "57": [
            0.129,
            0.712,
            0.159,
            -0.0281
        ],
        "58": [
            0.0,
            0.465,
            0.535,
            0.9459
        ],
        "61": [
            0.058,
            0.75,
            0.192,
            0.9394
        ],
        "62": [
            0.0,
            0.736,
            0.264,
            0.8762
        ],
        "65": [
            0.081,
            0.747,
            0.172,
            0.7983
        ],
        "67": [
            0.0,
            0.577,
            0.423,
            0.765
        ],
        "69": [
            0.033,
            0.675,
            0.292,
            0.9358
        ],
        "71": [
            0.123,
            0.877,
            0.0,
            -0.3632
        ],
        "73": [
            0.0,
            0.889,
            0.111,
            0.3612
        ],
        "74": [
            0.0,
            0.526,
            0.474,
            0.6597
        ],
        "75": [
            0.0,
            0.444,
            0.556,
            0.6124
        ],
        "76": [
            0.0,
            1.0,
            0.0,
            0.0
        ],
        "78": [
            0.0,
            0.218,
            0.782,
            0.8011
        ],
        "79": [
            0.0,
            0.839,
            0.161,
            0.3612
        ],
        "82": [
            0.043,
            0.66,
            0.297,
            0.9022
        ],
        "83": [
            0.0,
            0.417,
            0.583,
            0.4199
        ],
        "85": [
            0.0,
            0.312,
            0.688,
            0.765
        ],
        "87": [
            0.0,
            0.531,
            0.469,
            0.6476
        ],
        "90": [
            0.025,
            0.79,
            0.185,
            0.9698
        ],
        "91": [
            0.0,
            0.359,
            0.641,
            0.9359
        ],
        "95": [
            0.083,
            0.917,
            0.0,
            -0.5875
        ],
        "96": [
            0.0,
            0.848,
            0.152,
            0.3612
        ],
        "97": [
            0.033,
            0.74,
            0.227,
            0.9707
        ],
        "98": [
            0.0,
            0.294,
            0.706,
            0.5859
        ],
        "99": [
            0.045,
            0.685,
            0.269,
            0.946
        ],
        "100": [
            0.13,
            0.77,
            0.1,
            -0.3076
        ],
        "103": [
            0.0,
            0.646,
            0.354,
            0.9623
        ],
        "104": [
            0.028,
            0.941,
            0.031,
            0.0772
        ],
        "105": [
            0.046,
            0.727,
            0.226,
            0.9541
        ],
        "106": [
            0.0,
            0.345,
            0.655,
            0.6901
        ],
        "107": [
            0.101,
            0.762,
            0.136,
            0.3079
        ],
        "108": [
            0.0,
            0.707,
            0.293,
            0.9758
        ],
        "109": [
            0.0,
            0.545,
            0.455,
            0.3612
        ],
        "111": [
            0.037,
            0.837,
            0.127,
            0.9757
        ],
        "112": [
            0.021,
            0.872,
            0.107,
            0.8608
        ],
        "114": [
            0.107,
            0.764,
            0.129,
            -0.0258
        ],
        "115": [
            0.0,
            0.545,
            0.455,
            0.3612
        ],
        "118": [
            0.0,
            0.963,
            0.037,
            0.7639
        ],
        "119": [
            0.0,
            0.451,
            0.549,
            0.7264
        ],
        "120": [
            0.0,
            0.714,
            0.286,
            0.7351
        ],
        "121": [
            0.0,
            0.559,
            0.441,
            0.9125
        ],
        "122": [
            0.0,
            0.697,
            0.303,
            0.9152
        ],
        "125": [
            0.0,
            0.476,
            0.524,
            0.765
        ],
        "126": [
            0.222,
            0.644,
            0.134,
            -0.6054
        ],
        "127": [
            0.0,
            0.963,
            0.037,
            0.1901
        ],
        "128": [
            0.0,
            0.147,
            0.853,
            0.7003
        ],
        "132": [
            0.0,
            1.0,
            0.0,
            0.0
        ],
        "134": [
            0.0,
            0.615,
            0.385,
            0.3612
        ],
        "135": [
            0.0,
            0.789,
            0.211,
            0.807
        ],
        "136": [
            0.085,
            0.841,
            0.074,
            0.0232
        ],
        "137": [
            0.0,
            0.579,
            0.421,
            0.9756
        ],
        "139": [
            0.137,
            0.375,
            0.488,
            0.9312
        ],
        "140": [
            0.0,
            0.444,
            0.556,
            0.3612
        ],
        "143": [
            0.126,
            0.478,
            0.396,
            0.7351
        ],
        "144": [
            0.0,
            0.545,
            0.455,
            0.3612
        ],
        "145": [
            0.0,
            0.615,
            0.385,
            0.3612
        ],
        "147": [
            0.273,
            0.683,
            0.044,
            -0.8765
        ],
        "148": [
            0.04,
            0.737,
            0.223,
            0.9342
        ],
        "149": [
            0.13,
            0.792,
            0.078,
            -0.4606
        ],
        "150": [
            0.034,
            0.662,
            0.304,
            0.9857
        ],
        "157": [
            0.223,
            0.777,
            0.0,
            -0.5122
        ],
        "160": [
            0.0,
            0.135,
            0.865,
            0.75
        ],
        "161": [
            0.0,
            0.435,
            0.565,
            0.7783
        ],
        "163": [
            0.0,
            0.313,
            0.687,
            0.8313
        ],
        "164": [
            0.0,
            0.444,
            0.556,
            0.3612
        ],
        "165": [
            0.0,
            0.733,
            0.267,
            0.985
        ],
        "166": [
            0.0,
            0.274,
            0.726,
            0.6486
        ],
        "168": [
            0.132,
            0.65,
            0.217,
            0.6802
        ],
        "169": [
            0.0,
            1.0,
            0.0,
            0.0
        ],
        "173": [
            0.0,
            0.515,
            0.485,
            0.765
        ],
        "178": [
            0.0,
            0.388,
            0.612,
            0.743
        ],
        "180": [
            0.047,
            0.691,
            0.262,
            0.9678
        ],
        "182": [
            0.083,
            0.609,
            0.308,
            0.6764
        ],
        "183": [
            0.094,
            0.677,
            0.229,
            0.7741
        ],
        "186": [
            0.297,
            0.703,
            0.0,
            -0.2755
        ],
        "187": [
            0.4,
            0.267,
            0.333,
            -0.1275
        ],
        "188": [
            0.0,
            0.156,
            0.844,
            0.6597
        ],
        "189": [
            0.163,
            0.561,
            0.276,
            0.296
        ],
        "191": [
            0.0,
            0.872,
            0.128,
            0.3612
        ],
        "192": [
            0.12,
            0.812,
            0.068,
            -0.3421
        ],
        "193": [
            0.0,
            0.357,
            0.643,
            0.6597
        ],
        "197": [
            0.206,
            0.67,
            0.124,
            -0.8707
        ],
        "203": [
            0.0,
            0.865,
            0.135,
            0.8503
        ],
        "205": [
            0.026,
            0.762,
            0.212,
            0.8809
        ],
        "207": [
            0.079,
            0.745,
            0.176,
            0.9878
        ],
        "208": [
            0.218,
            0.485,
            0.297,
            0.0772
        ],
        "209": [
            0.145,
            0.455,
            0.4,
            0.4207
        ],
        "217": [
            0.0,
            1.0,
            0.0,
            0.0
        ],
        "218": [
            0.105,
            0.677,
            0.217,
            0.9024
        ],
        "221": [
            0.0,
            0.584,
            0.416,
            0.8957
        ],
        "228": [
            0.0,
            0.247,
            0.753,
            0.7269
        ],
        "230": [
            0.0,
            0.261,
            0.739,
            0.8176
        ],
        "231": [
            0.052,
            0.808,
            0.141,
            0.6467
        ],
        "232": [
            0.091,
            0.568,
            0.341,
            0.9619
        ],
        "234": [
            0.129,
            0.682,
            0.188,
            0.8476
        ],
        "236": [
            0.165,
            0.578,
            0.257,
            0.1426
        ],
        "237": [
            0.0,
            0.872,
            0.128,
            0.3612
        ],
        "238": [
            0.0,
            0.444,
            0.556,
            0.3612
        ],
        "239": [
            0.0,
            0.75,
            0.25,
            0.7901
        ],
        "241": [
            0.043,
            0.695,
            0.262,
            0.9709
        ],
        "242": [
            0.0,
            0.393,
            0.607,
            0.9313
        ],
        "244": [
            0.0,
            0.417,
            0.583,
            0.4199
        ],
        "245": [
            0.0,
            0.511,
            0.489,
            0.7717
        ],
        "246": [
            0.153,
            0.764,
            0.083,
            -0.7906
        ],
        "247": [
            0.127,
            0.687,
            0.186,
            0.371
        ],
        "248": [
            0.042,
            0.83,
            0.127,
            0.6597
        ],
        "250": [
            0.12,
            0.82,
            0.06,
            -0.9268
        ],
        "252": [
            0.0,
            0.554,
            0.446,
            0.9022
        ],
        "253": [
            0.0,
            0.818,
            0.182,
            0.8268
        ],
        "254": [
            0.0,
            0.699,
            0.301,
            0.5106
        ],
        "255": [
            0.0,
            0.357,
            0.643,
            0.6597
        ],
        "256": [
            0.095,
            0.717,
            0.188,
            0.7665
        ],
        "257": [
            0.048,
            0.791,
            0.161,
            0.9463
        ],
        "258": [
            0.012,
            0.706,
            0.282,
            0.9791
        ],
        "259": [
            0.042,
            0.747,
            0.211,
            0.9964
        ],
        "261": [
            0.0,
            0.667,
            0.333,
            0.3612
        ],
        "262": [
            0.0,
            0.615,
            0.385,
            0.3612
        ],
        "263": [
            0.051,
            0.771,
            0.178,
            0.7959
        ],
        "264": [
            0.0,
            0.127,
            0.873,
            0.784
        ],
        "266": [
            0.202,
            0.716,
            0.082,
            -0.3966
        ],
        "267": [
            0.0,
            0.513,
            0.487,
            0.8591
        ],
        "269": [
            0.0,
            0.734,
            0.266,
            0.7896
        ],
        "271": [
            0.0,
            0.797,
            0.203,
            0.8555
        ],
        "272": [
            0.0,
            0.27,
            0.73,
            0.6597
        ],
        "273": [
            0.0,
            0.444,
            0.556,
            0.3612
        ],
        "274": [
            0.033,
            0.747,
            0.219,
            0.981
        ],
        "275": [
            0.0,
            0.753,
            0.247,
            0.5563
        ],
        "277": [
            0.0,
            0.243,
            0.757,
            0.7384
        ],
        "278": [
            0.0,
            0.936,
            0.064,
            0.4588
        ],
        "279": [
            0.0,
            0.791,
            0.209,
            0.7003
        ],
        "280": [
            0.0,
            0.267,
            0.733,
            0.8492
        ],
        "282": [
            0.176,
            0.404,
            0.42,
            0.7806
        ],
        "284": [
            0.0,
            0.595,
            0.405,
            0.8977
        ],
        "285": [
            0.0,
            1.0,
            0.0,
            0.0
        ],
        "286": [
            0.0,
            0.23,
            0.77,
            0.7717
        ],
        "287": [
            0.0,
            0.25,
            0.75,
            0.8402
        ],
        "289": [
            0.0,
            1.0,
            0.0,
            0.0
        ],
        "297": [
            0.0,
            0.545,
            0.455,
            0.3612
        ],
        "298": [
            0.044,
            0.816,
            0.14,
            0.9616
        ],
        "300": [
            0.035,
            0.842,
            0.123,
            0.6739
        ],
        "301": [
            0.1,
            0.857,
            0.043,
            -0.5225
        ],
        "303": [
            0.0,
            0.663,
            0.337,
            0.9217
        ],
        "305": [
            0.0,
            0.23,
            0.77,
            0.7717
        ],
        "306": [
            0.0,
            0.259,
            0.741,
            0.8225
        ],
        "307": [
            0.054,
            0.784,
            0.163,
            0.6486
        ],
        "308": [
            0.032,
            0.697,
            0.271,
            0.9891
        ],
        "310": [
            0.0,
            0.615,
            0.385,
            0.3612
        ],
        "311": [
            0.051,
            0.801,
            0.148,
            0.9791
        ],
        "312": [
            0.0,
            0.159,
            0.841,
            0.6486
        ],
        "318": [
            0.0,
            0.257,
            0.743,
            0.8899
        ],
        "319": [
            0.139,
            0.508,
            0.353,
            0.8563
        ],
        "320": [
            0.0,
            0.398,
            0.602,
            0.8902
        ],
        "323": [
            0.0,
            0.021,
            0.979,
            0.991
        ],
        "325": [
            0.0,
            0.426,
            0.574,
            0.7964
        ],
        "326": [
            0.0,
            0.8,
            0.2,
            0.3612
        ],
        "327": [
            0.102,
            0.573,
            0.325,
            0.9399
        ],
        "328": [
            0.0,
            0.426,
            0.574,
            0.6597
        ],
        "330": [
            0.0,
            0.27,
            0.73,
            0.6597
        ],
        "332": [
            0.0,
            0.531,
            0.469,
            0.9868
        ],
        "334": [
            0.025,
            0.816,
            0.159,
            0.891
        ],
        "336": [
            0.0,
            0.863,
            0.137,
            0.1901
        ],
        "341": [
            0.0,
            0.577,
            0.423,
            0.765
        ],
        "342": [
            0.0,
            0.492,
            0.508,
            0.8519
        ],
        "345": [
            0.087,
            0.553,
            0.361,
            0.886
        ],
        "346": [
            0.107,
            0.826,
            0.067,
            -0.1306
        ],
        "347": [
            0.0,
            0.78,
            0.22,
            0.985
        ],
        "349": [
            0.03,
            0.766,
            0.204,
            0.9029
        ],
        "350": [
            0.0,
            0.336,
            0.664,
            0.784
        ],
        "351": [
            0.123,
            0.84,
            0.037,
            -0.6715
        ],
        "353": [
            0.0,
            0.444,
            0.556,
            0.3612
        ],
        "354": [
            0.029,
            0.748,
            0.223,
            0.9929
        ],
        "357": [
            0.081,
            0.777,
            0.142,
            0.9129
        ],
        "358": [
            0.0,
            0.632,
            0.368,
            0.8519
        ],
        "360": [
            0.102,
            0.678,
            0.221,
            0.884
        ],
        "361": [
            0.0,
            0.598,
            0.402,
            0.7506
        ],
        "364": [
            0.22,
            0.52,
            0.26,
            0.1002
        ],
        "366": [
            0.188,
            0.624,
            0.188,
            0.0
        ],
        "367": [
            0.0,
            1.0,
            0.0,
            0.0
        ],
        "368": [
            0.053,
            0.687,
            0.26,
            0.9712
        ],
        "374": [
            0.0,
            0.431,
            0.569,
            0.8977
        ],
        "375": [
            0.0,
            0.8,
            0.2,
            0.3612
        ],
        "376": [
            0.024,
            0.598,
            0.378,
            0.9831
        ],
        "381": [
            0.0,
            0.828,
            0.172,
            0.3612
        ],
        "383": [
            0.0,
            1.0,
            0.0,
            0.0
        ],
        "386": [
            0.089,
            0.815,
            0.096,
            0.1576
        ],
        "390": [
            0.069,
            0.839,
            0.092,
            0.2144
        ],
        "392": [
            0.115,
            0.21,
            0.675,
            0.9517
        ],
        "393": [
            0.0,
            0.205,
            0.795,
            0.891
        ],
        "397": [
            0.348,
            0.29,
            0.362,
            0.0258
        ],
        "400": [
            0.0,
            1.0,
            0.0,
            0.0
        ],
        "402": [
            0.0,
            0.139,
            0.861,
            0.6369
        ],
        "405": [
            0.0,
            0.462,
            0.538,
            0.7901
        ],
        "407": [
            0.0,
            0.408,
            0.592,
            0.7003
        ],
        "410": [
            0.046,
            0.662,
            0.292,
            0.9127
        ],
        "411": [
            0.0,
            0.658,
            0.342,
            0.91
        ],
        "412": [
            0.0,
            0.828,
            0.172,
            0.4118
        ],
        "414": [
            0.297,
            0.703,
            0.0,
            -0.2755
        ],
        "415": [
            0.101,
            0.738,
            0.161,
            0.5164
        ],
        "417": [
            0.0,
            0.463,
            0.537,
            0.7003
        ],
        "418": [
            0.0,
            0.569,
            0.431,
            0.8442
        ],
        "419": [
            0.148,
            0.606,
            0.246,
            0.598
        ],
        "420": [
            0.027,
            0.798,
            0.175,
            0.8552
        ],
        "421": [
            0.058,
            0.498,
            0.443,
            0.9694
        ],
        "424": [
            0.0,
            0.331,
            0.669,
            0.9022
        ],
        "425": [
            0.0,
            0.706,
            0.294,
            0.6124
        ],
        "428": [
            0.0,
            0.444,
            0.556,
            0.3612
        ],
        "429": [
            0.269,
            0.538,
            0.192,
            -0.25
        ],
        "430": [
            0.053,
            0.754,
            0.193,
            0.985
        ],
        "431": [
            0.035,
            0.719,
            0.246,
            0.9149
        ],
        "432": [
            0.0,
            0.35,
            0.65,
            0.8143
        ],
        "435": [
            0.0,
            0.413,
            0.587,
            0.6901
        ],
        "436": [
            0.089,
            0.645,
            0.266,
            0.6597
        ],
        "440": [
            0.0,
            0.443,
            0.557,
            0.9657
        ],
        "441": [
            0.108,
            0.599,
            0.293,
            0.9231
        ],
        "445": [
            0.0,
            0.667,
            0.333,
            0.3612
        ],
        "446": [
            0.0,
            0.286,
            0.714,
            0.6124
        ],
        "448": [
            0.0,
            0.427,
            0.573,
            0.7717
        ],
        "450": [
            0.105,
            0.57,
            0.325,
            0.6124
        ],
        "451": [
            0.0,
            0.444,
            0.556,
            0.3612
        ],
        "453": [
            0.0,
            0.233,
            0.767,
            0.765
        ],
        "456": [
            0.183,
            0.479,
            0.338,
            0.6734
        ],
        "457": [
            0.0,
            0.492,
            0.508,
            0.7351
        ],
        "462": [
            0.0,
            0.198,
            0.802,
            0.7964
        ],
        "463": [
            0.0,
            0.25,
            0.75,
            0.7178
        ],
        "465": [
            0.215,
            0.64,
            0.145,
            -0.296
        ],
        "466": [
            0.093,
            0.605,
            0.302,
            0.9449
        ],
        "467": [
            0.136,
            0.723,
            0.142,
            0.0511
        ],
        "469": [
            0.0,
            0.309,
            0.691,
            0.6908
        ],
        "470": [
            0.043,
            0.203,
            0.754,
            0.9985
        ],
        "471": [
            0.0,
            1.0,
            0.0,
            0.0
        ],
        "472": [
            0.0,
            0.373,
            0.627,
            0.8772
        ],
        "473": [
            0.0,
            0.66,
            0.34,
            0.8297
        ],
        "476": [
            0.0,
            0.926,
            0.074,
            0.484
        ],
        "478": [
            0.184,
            0.638,
            0.177,
            -0.0258
        ],
        "479": [
            0.303,
            0.287,
            0.409,
            0.1877
        ],
        "480": [
            0.091,
            0.79,
            0.119,
            0.3156
        ],
        "481": [
            0.0,
            0.8,
            0.2,
            0.6956
        ],
        "482": [
            0.049,
            0.763,
            0.188,
            0.9617
        ],
        "483": [
            0.0,
            0.687,
            0.313,
            0.9311
        ],
        "485": [
            0.0,
            0.521,
            0.479,
            0.9006
        ],
        "486": [
            0.0,
            0.476,
            0.524,
            0.9217
        ],
        "487": [
            0.0,
            0.26,
            0.74,
            0.69
        ],
        "491": [
            0.092,
            0.729,
            0.179,
            0.8525
        ],
        "493": [
            0.0,
            1.0,
            0.0,
            0.0
        ],
        "495": [
            0.182,
            0.682,
            0.136,
            -0.1196
        ],
        "496": [
            0.0,
            0.749,
            0.251,
            0.69
        ],
        "497": [
            0.138,
            0.227,
            0.635,
            0.971
        ],
        "502": [
            0.076,
            0.813,
            0.111,
            0.7542
        ],
        "504": [
            0.006,
            0.868,
            0.126,
            0.9773
        ],
        "507": [
            0.096,
            0.787,
            0.118,
            0.5261
        ],
        "510": [
            0.0,
            0.123,
            0.877,
            0.7974
        ],
        "514": [
            0.0,
            0.839,
            0.161,
            0.3612
        ],
        "516": [
            0.046,
            0.831,
            0.123,
            0.961
        ],
        "518": [
            0.055,
            0.657,
            0.287,
            0.9437
        ],
        "519": [
            0.0,
            0.405,
            0.595,
            0.8091
        ],
        "522": [
            0.0,
            0.326,
            0.674,
            0.8847
        ],
        "524": [
            0.476,
            0.35,
            0.175,
            -0.6486
        ],
        "525": [
            0.0,
            0.633,
            0.367,
            0.8271
        ],
        "529": [
            0.0,
            0.721,
            0.279,
            0.7986
        ],
        "531": [
            0.0,
            0.534,
            0.466,
            0.6249
        ],
        "532": [
            0.126,
            0.852,
            0.022,
            -0.8521
        ],
        "533": [
            0.0,
            0.875,
            0.125,
            0.7308
        ],
        "537": [
            0.0,
            0.651,
            0.349,
            0.7579
        ],
        "540": [
            0.0,
            0.709,
            0.291,
            0.815
        ],
        "541": [
            0.145,
            0.694,
            0.161,
            0.1513
        ],
        "543": [
            0.0,
            0.865,
            0.135,
            0.3612
        ],
        "544": [
            0.0,
            0.649,
            0.351,
            0.6694
        ],
        "546": [
            0.0,
            0.848,
            0.152,
            0.3612
        ],
        "550": [
            0.0,
            0.316,
            0.684,
            0.8957
        ],
        "552": [
            0.0,
            0.317,
            0.683,
            0.8225
        ],
        "555": [
            0.0,
            0.809,
            0.191,
            0.636
        ],
        "556": [
            0.038,
            0.729,
            0.233,
            0.8581
        ],
        "557": [
            0.0,
            0.434,
            0.566,
            0.8326
        ],
        "559": [
            0.0,
            0.422,
            0.578,
            0.8625
        ],
        "564": [
            0.0,
            0.778,
            0.222,
            0.6908
        ],
        "566": [
            0.0,
            1.0,
            0.0,
            0.0
        ],
        "567": [
            0.0,
            0.133,
            0.867,
            0.7574
        ],
        "573": [
            0.0,
            0.94,
            0.06,
            0.5562
        ],
        "574": [
            0.0,
            1.0,
            0.0,
            0.0
        ],
        "575": [
            0.04,
            0.782,
            0.179,
            0.9293
        ],
        "577": [
            0.0,
            0.545,
            0.455,
            0.3612
        ],
        "579": [
            0.0,
            0.249,
            0.751,
            0.8422
        ],
        "582": [
            0.0,
            0.518,
            0.482,
            0.8118
        ],
        "583": [
            0.0,
            0.317,
            0.683,
            0.8225
        ],
        "585": [
            0.074,
            0.683,
            0.243,
            0.8122
        ],
        "586": [
            0.0,
            0.476,
            0.524,
            0.765
        ],
        "587": [
            0.0,
            0.667,
            0.333,
            0.3612
        ],
        "588": [
            0.0,
            0.762,
            0.238,
            0.3612
        ],
        "590": [
            0.0,
            1.0,
            0.0,
            0.0
        ]
    },
    "petit_jardin": {
        "0": [
            0.108,
            0.892,
            0.0,
            -0.7906
        ],
        "1": [
            0.0,
            0.889,
            0.111,
            0.6705
        ],
        "2": [
            0.32,
            0.68,
            0.0,
            -0.9382
        ],
        "3": [
            0.0,
            0.842,
            0.158,
            0.8356
        ],
        "4": [
            0.0,
            0.931,
            0.069,
            0.6114
        ],
        "5": [
            0.0,
            0.844,
            0.156,
            0.8126
        ],
        "6": [
            0.0,
            0.927,
            0.073,
            0.6114
        ],
        "7": [
            0.161,
            0.839,
            0.0,
            -0.9325
        ],
        "8": [
            0.0,
            0.926,
            0.074,
            0.5719
        ],
        "9": [
            0.0,
            0.915,
            0.085,
            0.7579
        ],
        "10": [
            0.0,
            0.882,
            0.118,
            0.6467
        ],
        "11": [
            0.0,
            1.0,
            0.0,
            0.0
        ],
        "12": [
            0.012,
            0.973,
            0.015,
            0.0772
        ],
        "14": [
            0.0,
            0.879,
            0.121,
            0.6114
        ],
        "15": [
            0.1,
            0.748,
            0.152,
            0.9372
        ],
        "16": [
            0.0,
            0.904,
            0.096,
            0.2023
        ],
        "17": [
            0.0,
            0.931,
            0.069,
            0.5719
        ],
        "18": [
            0.013,
            0.987,
            0.0,
            -0.128
        ],
        "19": [
            0.063,
            0.937,
            0.0,
            -0.5423
        ],
        "20": [
            0.0,
            1.0,
            0.0,
            0.0
        ],
        "21": [
            0.0,
            1.0,
            0.0,
            0.0
        ],
        "22": [
            0.0,
            0.725,
            0.275,
            0.9889
        ],
        "23": [
            0.0,
            0.921,
            0.079,
            0.5719
        ],
        "24": [
            0.0,
            0.917,
            0.083,
            0.6114
        ],
        "25": [
            0.0,
            0.962,
            0.038,
            0.5719
        ],
        "26": [
            0.0,
            0.817,
            0.183,
            0.8126
        ],
        "27": [
            0.331,
            0.669,
            0.0,
            -0.9421
        ],
        "28": [
            0.0,
            0.971,
            0.029,
            0.1779
        ],
        "29": [
            0.0,
            0.871,
            0.129,
            0.8481
        ],
        "30": [
            0.0,
            0.942,
            0.058,
            0.5719
        ],
        "31": [
            0.024,
            0.726,
            0.25,
            0.9809
        ],
        "32": [
            0.0,
            0.9,
            0.1,
            0.7067
        ],
        "33": [
            0.0,
            0.95,
            0.05,
            0.5719
        ],
        "34": [
            0.023,
            0.977,
            0.0,
            -0.5423
        ],
        "35": [
            0.0,
            1.0,
            0.0,
            0.0
        ],
        "36": [
            0.018,
            0.982,
            0.0,
            -0.2003
        ],
        "37": [
            0.019,
            0.672,
            0.309,
            0.9903
        ],
        "38": [
            0.0,
            0.91,
            0.09,
            0.8065
        ],
        "39": [
            0.0,
            0.85,
            0.15,
            0.8225
        ],
        "40": [
            0.0,
            0.955,
            0.045,
            0.5719
        ],
        "41": [
            0.0,
            1.0,
            0.0,
            0.0
        ],
        "42": [
            0.063,
            0.897,
            0.04,
            -0.6083
        ],
        "43": [
            0.161,
            0.839,
            0.0,
            -0.9325
        ],
        "44": [
            0.03,
            0.802,
            0.169,
            0.9815
        ],
        "45": [
            0.0,
            0.847,
            0.153,
            0.8225
        ],
        "46": [
            0.085,
            0.915,
            0.0,
            -0.9432
        ],
        "47": [
            0.0,
            0.893,
            0.107,
            0.5719
        ],
        "48": [
            0.0,
            0.864,
            0.136,
            0.8356
        ],
        "49": [
            0.0,
            0.917,
            0.083,
            0.8902
        ],
        "50": [
            0.0,
            0.95,
            0.05,
            0.5719
        ],
        "51": [
            0.0,
            1.0,
            0.0,
            0.0
        ],
        "52": [
            0.0,
            0.696,
            0.304,
            0.9578
        ],
        "53": [
            0.0,
            0.611,
            0.389,
            0.9509
        ],
        "54": [
            0.024,
            0.915,
            0.061,
            0.6792
        ],
        "55": [
            0.0,
            0.95,
            0.05,
            0.5719
        ],
        "56": [
            0.0,
            0.62,
            0.38,
            0.9837
        ],
        "57": [
            0.0,
            0.906,
            0.094,
            0.8126
        ],
        "59": [
            0.0,
            1.0,
            0.0,
            0.0
        ],
        "60": [
            0.0,
            0.831,
            0.169,
            0.886
        ],
        "61": [
            0.0,
            0.94,
            0.06,
            0.6705
        ],
        "62": [
            0.0,
            0.913,
            0.087,
            0.5719
        ],
        "63": [
            0.095,
            0.905,
            0.0,
            -0.7906
        ],
        "64": [
            0.0,
            1.0,
            0.0,
            0.0
        ],
        "65": [
            0.014,
            0.986,
            0.0,
            -0.128
        ],
        "66": [
            0.045,
            0.943,
            0.013,
            -0.7383
        ],
        "67": [
            0.0,
            1.0,
            0.0,
            0.0
        ],
        "68": [
            0.0,
            0.862,
            0.138,
            0.4927
        ],
        "69": [
            0.045,
            0.955,
            0.0,
            -0.128
        ],
        "70": [
            0.0,
            1.0,
            0.0,
            0.0
        ],
        "71": [
            0.0,
            0.95,
            0.05,
            0.8126
        ],
        "72": [
            0.0,
            1.0,
            0.0,
            0.0
        ],
        "73": [
            0.0,
            1.0,
            0.0,
            0.0
        ],
        "74": [
            0.0,
            1.0,
            0.0,
            0.0
        ],
        "75": [
            0.0,
            1.0,
            0.0,
            0.0
        ],
        "76": [
            0.0,
            0.944,
            0.056,
            0.5719
        ],
        "77": [
            0.0,
            1.0,
            0.0,
            0.0
        ],
        "78": [
            0.0,
            0.852,
            0.148,
            0.8402
        ],
        "79": [
            0.0,
            0.543,
            0.457,
            0.9565
        ],
        "80": [
            0.051,
            0.719,
            0.229,
            0.7351
        ],
        "81": [
            0.023,
            0.92,
            0.057,
            0.4939
        ],
        "82": [
            0.0,
            1.0,
            0.0,
            0.0
        ],
        "83": [
            0.0,
            0.946,
            0.054,
            0.7717
        ],
        "84": [
            0.0,
            0.904,
            0.096,
            0.6705
        ],
        "86": [
            0.029,
            0.925,
            0.046,
            0.4588
        ],
        "87": [
            0.204,
            0.717,
            0.08,
            -0.5859
        ],
        "88": [
            0.0,
            0.709,
            0.291,
            0.8126
        ],
        "89": [
            0.0,
            1.0,
            0.0,
            0.0
        ],
        "90": [
            0.0,
            0.937,
            0.063,
            0.6996
        ],
        "91": [
            0.0,
            1.0,
            0.0,
            0.0
        ],
        "92": [
            0.065,
            0.667,
            0.268,
            0.9428
        ],
        "93": [
            0.0,
            0.939,
            0.061,
            0.5719
        ],
        "94": [
            0.0,
            0.938,
            0.062,
            0.5719
        ],
        "95": [
            0.0,
            0.915,
            0.085,
            0.5719
        ],
        "96": [
            0.0,
            0.654,
            0.346,
            0.9712
        ],
        "97": [
            0.023,
            0.92,
            0.057,
            0.4939
        ],
        "98": [
            0.0,
            1.0,
            0.0,
            0.0
        ],
        "99": [
            0.069,
            0.872,
            0.059,
            -0.34
        ],
        "100": [
            0.016,
            0.942,
            0.042,
            0.5267
        ],
        "102": [
            0.0,
            1.0,
            0.0,
            0.0
        ],
        "103": [
            0.0,
            0.835,
            0.165,
            0.7717
        ],
        "104": [
            0.0,
            0.913,
            0.087,
            0.5719
        ],
        "106": [
            0.013,
            0.953,
            0.034,
            0.5411
        ],
        "107": [
            0.0,
            0.896,
            0.104,
            0.6467
        ],
        "108": [
            0.0,
            0.904,
            0.096,
            0.8814
        ],
        "110": [
            0.015,
            0.935,
            0.05,
            0.6562
        ],
        "111": [
            0.0,
            0.908,
            0.092,
            0.7717
        ],
        "112": [
            0.048,
            0.952,
            0.0,
            -0.6476
        ],
        "113": [
            0.0,
            1.0,
            0.0,
            0.0
        ],
        "114": [
            0.229,
            0.722,
            0.049,
            -0.9179
        ],
        "115": [
            0.096,
            0.904,
            0.0,
            -0.7906
        ]
    },
    "shampoo_men": {
        "0": [
            0.0,
            1.0,
            0.0,
            0.0
        ],
        "1": [
            0.0,
            1.0,
            0.0,
            0.0
        ],
        "2": [
            0.0,
            1.0,
            0.0,
            0.0
        ],
        "3": [
            0.0,
            1.0,
            0.0,
            0.0
        ],
        "4": [
            0.0,
            1.0,
            0.0,
            0.0
        ],
        "5": [
            0.0,
            1.0,
            0.0,
            0.0
        ],
        "6": [
            0.0,
            1.0,
            0.0,
            0.0
        ],
        "7": [
            0.0,
            1.0,
            0.0,
            0.0
        ],
        "8": [
            0.0,
            1.0,
            0.0,
            0.0
        ],
        "9": [
            0.0,
            1.0,
            0.0,
            0.0
        ],
        "10": [
            0.0,
            1.0,
            0.0,
            0.0
        ],
        "11": [
            0.0,
            1.0,
            0.0,
            0.0
        ],
        "12": [
            0.0,
            1.0,
            0.0,
            0.0
        ],
        "13": [
            0.0,
            1.0,
            0.0,
            0.0
        ],
        "14": [
            0.0,
            1.0,
            0.0,
            0.0
        ],
        "15": [
            0.0,
            1.0,
            0.0,
            0.0
        ],
        "16": [
            0.0,
            1.0,
            0.0,
            0.0
        ],
        "17": [
            0.0,
            1.0,
            0.0,
            0.0
        ],
        "18": [
            0.0,
            1.0,
            0.0,
            0.0
        ],
        "19": [
            0.0,
            1.0,
            0.0,
            0.0
        ],
        "20": [
            0.0,
            1.0,
            0.0,
            0.0
        ],
        "21": [
            0.0,
            1.0,
            0.0,
            0.0
        ],
        "22": [
            0.0,
            1.0,
            0.0,
            0.0
        ],
        "23": [
            0.0,
            1.0,
            0.0,
            0.0
        ],
        "24": [
            0.0,
            1.0,
            0.0,
            0.0
        ],
        "25": [
            0.0,
            1.0,
            0.0,
            0.0
        ],
        "26": [
            0.0,
            1.0,
            0.0,
            0.0
        ],
        "27": [
            0.0,
            1.0,
            0.0,
            0.0
        ],
        "29": [
            0.0,
            1.0,
            0.0,
            0.0
        ],
        "30": [
            0.0,
            1.0,
            0.0,
            0.0
        ],
        "31": [
            0.0,
            1.0,
            0.0,
            0.0
        ],
        "32": [
            0.0,
            1.0,
            0.0,
            0.0
        ],
        "33": [
            0.0,
            1.0,
            0.0,
            0.0
        ],
        "34": [
            0.0,
            1.0,
            0.0,
            0.0
        ],
        "35": [
            0.0,
            1.0,
            0.0,
            0.0
        ],
        "36": [
            0.0,
            1.0,
            0.0,
            0.0
        ],
        "37": [
            0.0,
            1.0,
            0.0,
            0.0
        ],
        "38": [
            0.0,
            1.0,
            0.0,
            0.0
        ],
        "39": [
            0.0,
            1.0,
            0.0,
            0.0
        ],
        "40": [
            0.0,
            1.0,
            0.0,
            0.0
        ],
        "41": [
            0.0,
            1.0,
            0.0,
            0.0
        ],
        "42": [
            0.0,
            0.625,
            0.375,
            0.7184
        ],
        "43": [
            0.0,
            1.0,
            0.0,
            0.0
        ],
        "44": [
            0.0,
            1.0,
            0.0,
            0.0
        ],
        "45": [
            0.0,
            1.0,
            0.0,
            0.0
        ],
        "46": [
            0.0,
            1.0,
            0.0,
            0.0
        ],
        "47": [
            0.0,
            1.0,
            0.0,
            0.0
        ],
        "48": [
            0.0,
            1.0,
            0.0,
            0.0
        ],
        "49": [
            0.0,
            1.0,
            0.0,
            0.0
        ],
        "50": [
            0.0,
            1.0,
            0.0,
            0.0
        ],
        "51": [
            0.0,
            1.0,
            0.0,
            0.0
        ],
        "52": [
            0.0,
            1.0,
            0.0,
            0.0
        ],
        "53": [
            0.0,
            1.0,
            0.0,
            0.0
        ],
        "54": [
            0.0,
            0.888,
            0.112,
            0.5093
        ],
        "55": [
            0.0,
            1.0,
            0.0,
            0.0
        ],
        "56": [
            0.0,
            1.0,
            0.0,
            0.0
        ],
        "57": [
            0.0,
            1.0,
            0.0,
            0.0
        ],
        "58": [
            0.0,
            1.0,
            0.0,
            0.0
        ],
        "59": [
            0.0,
            1.0,
            0.0,
            0.0
        ],
        "60": [
            0.0,
            1.0,
            0.0,
            0.0
        ],
        "61": [
            0.118,
            0.882,
            0.0,
            -0.34
        ]
    },
    "shampoo_women_1l": {
        "0": [
            0.0,
            1.0,
            0.0,
            0.0
        ],
        "1": [
            0.0,
            1.0,
            0.0,
            0.0
        ],
        "2": [
            0.0,
            1.0,
            0.0,
            0.0
        ],
        "3": [
            0.0,
            1.0,
            0.0,
            0.0
        ],
        "4": [
            0.0,
            1.0,
            0.0,
            0.0
        ],
        "5": [
            0.0,
            1.0,
            0.0,
            0.0
        ],
        "6": [
            0.0,
            1.0,
            0.0,
            0.0
        ],
        "7": [
            0.0,
            1.0,
            0.0,
            0.0
        ],
        "8": [
            0.0,
            1.0,
            0.0,
            0.0
        ],
        "9": [
            0.0,
            1.0,
            0.0,
            0.0
        ],
        "10": [
            0.0,
            1.0,
            0.0,
            0.0
        ],
        "11": [
            0.0,
            1.0,
            0.0,
            0.0
        ],
        "12": [
            0.0,
            1.0,
            0.0,
            0.0
        ],
        "13": [
            0.0,
            1.0,
            0.0,
            0.0
        ],
        "14": [
            0.0,
            1.0,
            0.0,
            0.0
        ],
        "15": [
            0.0,
            1.0,
            0.0,
            0.0
        ],
        "16": [
            0.0,
            1.0,
            0.0,
            0.0
        ],
        "17": [
            0.0,
            1.0,
            0.0,
            0.0
        ],
        "18": [
            0.0,
            1.0,
            0.0,
            0.0
        ],
        "19": [
            0.0,
            1.0,
            0.0,
            0.0
        ],
        "20": [
            0.0,
            1.0,
            0.0,
            0.0
        ],
        "21": [
            0.0,
            1.0,
            0.0,
            0.0
        ],
        "22": [
            0.0,
            0.884,
            0.116,
            0.4404
        ],
        "23": [
            0.0,
            1.0,
            0.0,
            0.0
        ],
        "24": [
            0.0,
            1.0,
            0.0,
            0.0
        ]
    },
    "shampoo_women_5l": {
        "0": [
            0.0,
            1.0,
            0.0,
            0.0
        ],
        "1": [
            0.0,
            1.0,
            0.0,
            0.0
        ],
        "2": [
            0.0,
            1.0,
            0.0,
            0.0
        ],
        "3": [
            0.0,
            1.0,
            0.0,
            0.0
        ],
        "4": [
            0.0,
            1.0,
            0.0,
            0.0
        ],
        "5": [
            0.0,
            1.0,
            0.0,
            0.0
        ],
        "6": [
            0.0,
            1.0,
            0.0,
            0.0
        ],
        "7": [
            0.0,
            1.0,
            0.0,
            0.0
        ],
        "8": [
            0.0,
            1.0,
            0.0,
            0.0
        ],
        "9": [
            0.0,
            1.0,
            0.0,
            0.0
        ],
        "10": [
            0.0,
            1.0,
            0.0,
            0.0
        ],
        "11": [
            0.0,
            0.797,
            0.203,
            0.4215
        ],
        "12": [
            0.0,
            1.0,
            0.0,
            0.0
        ],
        "13": [
            0.0,
            1.0,
            0.0,
            0.0
        ],
        "14": [
            0.0,
            1.0,
            0.0,
            0.0
        ],
        "15": [
            0.0,
            1.0,
            0.0,
            0.0
        ],
        "16": [
            0.0,
            1.0,
            0.0,
            0.0
        ],
        "17": [
            0.0,
            1.0,
            0.0,
            0.0
        ],
        "18": [
            0.0,
            1.0,
            0.0,
            0.0
        ],
        "19": [
            0.0,
            1.0,
            0.0,
            0.0
        ],
        "20": [
            0.0,
            1.0,
            0.0,
            0.0
        ],
        "21": [
            0.0,
            1.0,
            0.0,
            0.0
        ],
        "22": [
            0.0,
            1.0,
            0.0,
            0.0
        ],
        "23": [
            0.0,
            1.0,
            0.0,
            0.0
        ],
        "24": [
            0.0,
            1.0,
            0.0,
            0.0
        ],
        "25": [
            0.0,
            1.0,
            0.0,
            0.0
        ],
        "26": [
            0.0,
            0.812,
            0.188,
            0.4588
        ],
        "27": [
            0.0,
            1.0,
            0.0,
            0.0
        ],
        "28": [
            0.0,
            1.0,
            0.0,
            0.0
        ],
        "29": [
            0.0,
            1.0,
            0.0,
            0.0
        ],
        "30": [
            0.094,
            0.906,
            0.0,
            -0.34
        ],
        "31": [
            0.0,
            1.0,
            0.0,
            0.0
        ],
        "32": [
            0.0,
            1.0,
            0.0,
            0.0
        ],
        "33": [
            0.0,
            1.0,
            0.0,
            0.0
        ],
        "34": [
            0.0,
            1.0,
            0.0,
            0.0
        ],
        "35": [
            0.0,
            1.0,
            0.0,
            0.0
        ],
        "36": [
            0.0,
            1.0,
            0.0,
            0.0
        ],
        "37": [
            0.0,
            1.0,
            0.0,
            0.0
        ],
        "38": [
            0.0,
            1.0,
            0.0,
            0.0
        ],
        "39": [
            0.0,
            1.0,
            0.0,
            0.0
        ],
        "40": [
            0.0,
            1.0,
            0.0,
            0.0
        ],
        "41": [
            0.0,
            1.0,
            0.0,
            0.0
        ],
        "42": [
            0.0,
            1.0,
            0.0,
            0.0
        ],
        "43": [
            0.0,
            1.0,
            0.0,
            0.0
        ],
        "44": [
            0.0,
            1.0,
            0.0,
            0.0
        ],
        "45": [
            0.0,
            1.0,
            0.0,
            0.0
        ],
        "46": [
            0.0,
            1.0,
            0.0,
            0.0
        ],
        "47": [
            0.0,
            1.0,
            0.0,
            0.0
        ],
        "49": [
            0.0,
            1.0,
            0.0,
            0.0
        ],
        "50": [
            0.0,
            1.0,
            0.0,
            0.0
        ],
        "51": [
            0.0,
            1.0,
            0.0,
            0.0
        ],
        "52": [
            0.0,
            1.0,
            0.0,
            0.0
        ],
        "53": [
            0.0,
            1.0,
            0.0,
            0.0
        ],
        "54": [
            0.0,
            1.0,
            0.0,
            0.0
        ],
        "55": [
            0.0,
            1.0,
            0.0,
            0.0
        ],
        "56": [
            0.0,
            1.0,
            0.0,
            0.0
        ],
        "57": [
            0.0,
            1.0,
            0.0,
            0.0
        ],
        "58": [
            0.0,
            1.0,
            0.0,
            0.0
        ],
        "59": [
            0.0,
            1.0,
            0.0,
            0.0
        ],
        "60": [
            0.0,
            1.0,
            0.0,
            0.0
        ],
        "61": [
            0.0,
            1.0,
            0.0,
            0.0
        ],
        "62": [
            0.0,
            1.0,
            0.0,
            0.0
        ],
        "63": [
            0.0,
            1.0,
            0.0,
            0.0
        ],
        "64": [
            0.0,
            1.0,
            0.0,
            0.0
        ],
        "65": [
            0.0,
            1.0,
            0.0,
            0.0
        ]
    },
    "victor_ferry": {
        "0": [
            0.0,
            0.654,
            0.346,
            0.5719
        ],
        "1": [
            0.0,
            1.0,
            0.0,
            0.0
        ],
        "2": [
            0.0,
            0.875,
            0.125,
            0.4588
        ],
        "3": [
            0.107,
            0.893,
            0.0,
            -0.7906
        ],
        "5": [
            0.156,
            0.844,
            0.0,
            -0.5423
        ],
        "6": [
            0.0,
            0.943,
            0.057,
            0.5093
        ],
        "7": [
            0.075,
            0.877,
            0.048,
            -0.25
        ],
        "8": [
            0.0,
            1.0,
            0.0,
            0.0
        ],
        "9": [
            0.0,
            1.0,
            0.0,
            0.0
        ],
        "10": [
            0.0,
            1.0,
            0.0,
            0.0
        ],
        "11": [
            0.013,
            0.968,
            0.018,
            -0.126
        ],
        "12": [
            0.0,
            1.0,
            0.0,
            0.0
        ],
        "13": [
            0.032,
            0.905,
            0.063,
            0.3612
        ],
        "14": [
            0.0,
            1.0,
            0.0,
            0.0
        ],
        "15": [
            0.0,
            1.0,
            0.0,
            0.0
        ],
        "16": [
            0.0,
            1.0,
            0.0,
            0.0
        ],
        "17": [
            0.0,
            0.786,
            0.214,
            0.8402
        ],
        "18": [
            0.115,
            0.885,
            0.0,
            -0.5423
        ],
        "19": [
            0.0,
            0.974,
            0.026,
            0.5719
        ],
        "20": [
            0.0,
            0.856,
            0.144,
            0.5719
        ],
        "21": [
            0.0,
            0.929,
            0.071,
            0.7003
        ],
        "22": [
            0.0,
            1.0,
            0.0,
            0.0
        ],
        "23": [
            0.0,
            1.0,
            0.0,
            0.0
        ],
        "24": [
            0.015,
            0.974,
            0.01,
            -0.296
        ],
        "25": [
            0.0,
            1.0,
            0.0,
            0.0
        ],
        "26": [
            0.0,
            0.778,
            0.222,
            0.6467
        ],
        "27": [
            0.0,
            0.916,
            0.084,
            0.6467
        ],
        "28": [
            0.0,
            0.932,
            0.068,
            0.4588
        ],
        "29": [
            0.0,
            0.951,
            0.049,
            0.8126
        ],
        "30": [
            0.026,
            0.9,
            0.074,
            0.5707
        ],
        "31": [
            0.047,
            0.852,
            0.101,
            0.4019
        ],
        "32": [
            0.0,
            1.0,
            0.0,
            0.0
        ],
        "33": [
            0.0,
            1.0,
            0.0,
            0.0
        ],
        "34": [
            0.015,
            0.949,
            0.036,
            0.4939
        ],
        "36": [
            0.0,
            1.0,
            0.0,
            0.0
        ]
    }
}