{
    "mattress": {
        "0": [0, 0, 0, 0, 0, 0, 1, 1],
        "1": [9, 9, 9, 9, 9, 10, 10],
        "2": [0, 0, 0, 1, 1, 2, 5],
        "3": [9, 10, 10, 10, 10, 10],
        "4": [0, 0, 0, 1, 1, 1, 2],
        "5": [8, 8, 9, 9, 9, 9, 10],
        "6": [9, 9, 10, 10, 10, 10],
        "7": [0, 1, 1, 1, 1, 2],
        "8": [8, 9, 9, 9, 9, 10, 10],
        "9": [9, 10, 10, 10],
        "10": [0, 0, 1, 1, 1, 2],
        "11": [9, 9, 10, 10, 10, 10],
        "12": [8, 9, 10, 10, 10, 10, 10, 10, 10],
        "13": [3, 4, 4, 4, 5, 5],
        "14": [10, 10, 10, 10, 10, 10, 10],
        "15": [3, 3, 4, 4, 4, 4, 5],
        "16": [8, 9, 10, 10, 10, 10],
        "17": [2, 3, 3, 4, 4, 5, 10],
        "18": [9, 9, 9, 9, 10],
        "19": [9, 10, 10, 10, 10, 10, 10],
        "20": [7, 8, 8, 8, 8, 10, 10],
        "21": [5, 6, 6, 6, 7, 7, 7, 8],
        "22": [8, 10, 10, 10, 10, 10],
        "23": [7, 9, 9, 9, 9, 10, 10, 10],
        "24": [8, 9, 9, 9, 10, 10, 10],
        "26": [10, 10, 10, 10, 10, 10],
        "27": [10, 10, 10, 10, 10, 10],
        "28": [4, 4, 5, 5, 5, 6, 6],
        "29": [9, 9, 9, 9, 10],
        "30": [10, 10, 10, 10, 10, 10, 10],
        "31": [1, 2, 2, 2, 3],
        "32": [10, 10, 10, 10, 10, 10, 10],
        "33": [8, 8, 9, 10, 10, 10],
        "34": [8, 9, 9, 10, 10, 10],
        "35": [10, 10, 10, 10, 10, 10, 10],
        "36": [0, 0, 0, 1, 1, 2],
        "37": [8, 10, 10, 10, 10],
        "38": [6, 7, 7, 7, 7, 8],
        "39": [7, 8, 8, 8, 8, 9, 10],
        "40": [9, 10, 10, 10, 10],
        "41": [6, 6, 6, 6, 8, 8],
        "42": [7, 9, 9, 10],
        "43": [7, 9, 9],
        "44": [9, 10, 10, 10, 10, 10],
        "45": [10, 10, 10, 10, 10, 10, 10],
        "46": [7, 7, 7, 7, 8, 8, 9],
        "47": [8, 10, 10, 10, 10, 10, 10],
        "48": [5, 5, 5, 6, 7, 7, 7, 8],
        "49": [7, 9, 9, 9, 9, 10, 10, 10]
    },
    "no_mans_sky": {
        "0": [7, 9, 9, 10],
        "1": [9, 10, 10, 10],
        "2": [7, 7, 8, 8, 8],
        "5": [7, 7, 8, 9],
        "7": [7, 8, 8, 9],
        "10": [7, 7, 7, 8],
        "11": [7, 7, 7, 8],
        "13": [2, 3, 3, 4],
        "14": [7, 10, 10, 10, 10],
        "17": [6, 7, 7, 8, 10],
        "21": [8, 8, 10, 10, 10],
        "23": [2, 2, 3, 3],
        "24": [7, 8, 8, 9],
        "26": [8, 8, 9, 9],
        "27": [5, 5, 8, 8],
        "28": [9, 9, 10, 10],
        "34": [8, 8, 9, 9],
        "35": [10, 10, 10, 10, 10],
        "36": [7, 8, 8, 8],
        "41": [8, 8, 9, 9, 10, 10],
        "42": [7, 9, 9, 9, 10],
        "43": [8, 9, 9, 9, 10, 10],
        "44": [7, 9, 10, 10],
        "46": [0, 2, 3, 3, 3],
        "47": [8, 9, 9, 9, 10],
        "48": [7, 8, 9, 9, 10, 10],
        "49": [3, 3, 4, 4, 4],
        "50": [7, 8, 9, 9],
        "51": [8, 8, 9, 9, 9],
        "55": [8, 9, 10, 10, 10],
        "57": [7, 8, 8, 8],
        "58": [8, 8, 9, 9, 9, 10],
        "61": [6, 9, 10, 10, 10],
        "62": [7, 9, 10, 10, 10, 10],
        "65": [9, 9, 9, 9, 9],
        "67": [8, 8, 8, 9],
        "69": [10, 10, 10, 10, 10],
        "71": [0, 1, 1, 2, 2],
        "73": [7, 8, 8, 10, 10],
        "74": [4, 5, 6, 6],
        "75": [6, 6, 7, 8, 8],
        "76": [7, 9, 9, 10],
        "78": [7, 7, 9, 9, 9],
        "79": [7, 9, 9, 9],
        "82": [9, 9, 10, 10, 10],
        "83": [7, 7, 8, 8],
        "85": [7, 8, 8, 8, 9, 9],
        "87": [8, 10, 10, 10, 10],
        "90": [8, 9, 9, 9, 10, 10],
        "91": [8, 8, 9, 10, 10],
        "95": [2, 3, 3, 4],
        "96": [7, 7, 8, 8],
        "97": [8, 8, 8, 8, 8],
        "98": [7, 7, 7, 9],
        "99": [5, 7, 8, 8, 9],
        "100": [9, 10, 10, 10, 10],
        "103": [7, 8, 9, 9],
        "104": [1, 1, 2, 2, 2, 4],
        "105": [7, 10, 10, 10],
        "106": [7, 7, 8, 9, 10],
        "107": [6, 7, 7, 7, 8],
        "108": [9, 9, 9, 10, 10, 10],
        "109": [6, 8, 9, 9],
        "111": [7, 10, 10, 10],
        "112": [7, 10, 10, 10],
        "114": [8, 8, 9, 9],
        "115": [6, 8, 8, 9],
        "118": [6, 8, 8, 9, 9, 9],
        "119": [8, 9, 9, 9, 9],
        "120": [6, 6, 7, 7, 7],
        "121": [7, 7, 8, 8, 9],
        "122": [9, 10, 10, 10],
        "125": [8, 8, 9, 10, 10],
        "126": [2, 3, 3, 3],
        "127": [5, 6, 7, 7, 8],
        "128": [6, 7, 7, 8],
        "132": [6, 7, 8, 9],
        "134": [5, 6, 6, 7],
        "135": [9, 10, 10, 10, 10],
        "136": [1, 2, 2, 3, 3, 4],
        "137": [8, 9, 10, 10, 10, 10],
        "139": [9, 9, 9, 10, 10, 10],
        "140": [6, 6, 6, 7],
        "143": [5, 6, 7, 7],
        "144": [7, 7, 8, 8, 9],
        "145": [7, 7, 9, 9],
        "147": [6, 6, 7, 7, 10, 10],
        "148": [6, 7, 7, 8, 8],
        "149": [2, 2, 2, 2],
        "150": [7, 9, 10, 10, 10],
        "157": [2, 2, 2, 3, 4],
        "160": [7, 9, 9, 10, 10],
        "161": [8, 9, 9, 10, 10],
        "163": [8, 8, 9, 9],
        "164": [6, 7, 8, 9, 9],
        "165": [8, 9, 10, 10, 10],
        "166": [6, 7, 7, 8, 9],
        "168": [9, 10, 10, 10],
        "169": [7, 7, 7, 7, 8],
        "173": [8, 9, 9, 10, 10],
        "178": [8, 9, 9, 9],
        "180": [6, 6, 7, 8, 8],
        "182": [4, 5, 6, 7, 9],
        "183": [8, 9, 9, 10],
        "186": [0, 1, 2, 2, 3],
        "187": [4, 5, 6, 6, 8],
        "188": [6, 6, 7, 8],
        "189": [6, 7, 7, 8, 8],
        "191": [8, 8, 8, 9, 9],
        "192": [2, 2, 3, 3],
        "193": [6, 6, 7, 8, 9],
        "197": [3, 4, 4, 4],
        "203": [5, 6, 6, 6, 7, 9],
        "205": [6, 6, 8, 8, 8, 9],
        "207": [10, 10, 10, 10, 10],
        "208": [7, 7, 8, 9],
        "209": [8, 9, 9, 10],
        "217": [8, 9, 10, 10, 10],
        "218": [3, 3, 4, 4, 4],
        "221": [7, 8, 9, 9, 9, 10],
        "228": [7, 8, 8, 9, 9, 9],
        "230": [8, 8, 8, 9],
        "231": [9, 9, 10, 10],
        "232": [9, 10, 10, 10, 10, 10],
        "234": [2, 2, 3, 3],
        "236": [8, 10, 10, 10],
        "237": [7, 9, 9, 10, 10],
        "238": [6, 8, 8, 9],
        "239": [7, 9, 10, 10],
        "241": [8, 9, 10, 10, 10],
        "242": [7, 9, 9, 9, 10],
        "244": [6, 6, 7, 8],
        "245": [9, 9, 10, 10],
        "246": [6, 6, 6, 6],
        "247": [9, 9, 9, 9, 10],
        "248": [7, 8, 9, 10],
        "250": [2, 3, 3, 3, 3, 4],
        "252": [8, 8, 8, 10, 10],
        "253": [7, 8, 9, 9, 10],
        "254": [7, 7, 9, 10, 10],
        "255": [6, 7, 8, 8],
        "256": [7, 10, 10, 10, 10],
        "257": [10, 10, 10],
        "258": [8, 9, 9, 9, 10],
        "259": [8, 8, 9, 10],
        "261": [8, 9, 10, 10],
        "262": [7, 7, 7, 8],
        "263": [7, 10, 10, 10],
        "264": [7, 8, 9, 9, 10],
        "266": [0, 1, 2, 2, 2],
        "267": [8, 8, 9, 9],
        "269": [9, 9, 9, 10, 10],
        "271": [6, 8, 9, 9, 9, 10],
        "272": [6, 6, 7, 9, 9],
        "273": [6, 6, 7, 7],
        "274": [8, 8, 8, 9, 9, 9],
        "275": [8, 9, 9, 10, 10],
        "277": [6, 8, 8, 10],
        "278": [3, 3, 4, 4, 5],
        "279": [7, 8, 9, 9],
        "280": [7, 7, 8, 9, 10],
        "282": [5, 6, 7, 7, 7],
        "284": [8, 9, 9, 9, 10],
        "285": [6, 7, 8, 8, 8],
        "286": [8, 8, 9, 9],
        "287": [6, 7, 7, 8, 8],
        "289": [6, 6, 6, 6],
        "297": [4, 6, 8, 8, 8],
        "298": [7, 8, 9, 9],
        "300": [7, 7, 8, 8],
        "301": [2, 2, 2, 3],
        "303": [7, 9, 9, 9, 10],
        "305": [7, 9, 9, 10, 10],
        "306": [6, 7, 8, 8],
        "307": [6, 7, 8, 8, 9, 9],
        "308": [6, 8, 8, 9],
        "310": [8, 9, 10, 10, 10],
        "311": [7, 8, 9, 9, 9],
        "312": [6, 7, 7, 7],
        "318": [7, 9, 9, 9, 10],
        "319": [1, 2, 3, 3],
        "320": [10, 10, 10, 10, 10, 10],
        "323": [7, 8, 9, 10],
        "325": [8, 8, 9, 9, 9],
        "326": [10, 10, 10, 10, 10, 10],
        "327": [7, 9, 9, 10],
        "328": [7, 8, 9, 9],
        "330": [6, 7, 8, 8],
        "332": [9, 10, 10, 10, 10],
        "334": [7, 9, 9, 9, 10],
        "336": [5, 6, 7, 7],
        "341": [8, 9, 9, 10],
        "342": [9, 9, 9, 9, 9],
        "345": [7, 9, 10, 10, 10],
        "346": [1, 2, 2, 3],
        "347": [8, 10, 10, 10],
        "349": [8, 8, 8, 8, 9],
        "350": [8, 8, 10, 10],
        "351": [0, 1, 1, 3],
        "353": [7, 7, 8, 9, 9],
        "354": [9, 9, 10, 10, 10],
        "357": [3, 4, 4, 5],
        "358": [8, 9, 9, 10],
        "360": [6, 9, 9, 10],
        "361": [8, 8, 9, 10, 10, 10],
        "364": [7, 8, 10, 10],
        "366": [0, 0, 1, 1, 1, 1],
        "367": [7, 7, 8, 8, 8, 9],
        "368": [9, 10, 10, 10],
        "374": [8, 8, 9, 9],
        "375": [7, 8, 9, 10],
        "376": [10, 10, 10, 10, 10],
        "381": [9, 9, 9, 9],
        "383": [0, 0, 1, 1, 2],
        "386": [2, 2, 2, 3, 5],
        "390": [6, 7, 8, 8, 9],
        "392": [6, 7, 7, 8, 10],
        "393": [8, 8, 8, 10],
        "397": [7, 8, 8, 9, 9],
        "400": [7, 8, 8, 9, 10],
        "402": [7, 8, 8, 8],
        "405": [9, 10, 10, 10],
        "407": [7, 8, 8, 9],
        "410": [4, 6, 6, 7, 7],
        "411": [6, 8, 9, 9, 9],
        "412": [8, 10, 10, 10],
        "414": [2, 2, 3, 3],
        "415": [6, 8, 9, 9, 10, 10],
        "417": [6, 8, 8, 10],
        "418": [9, 9, 10, 10, 10],
        "419": [1, 1, 2, 2, 2],
        "420": [9, 9, 9, 9],
        "421": [9, 10, 10, 10, 10],
        "424": [10],
        "425": [9],
        "428": [7, 7, 7, 8],
        "429": [2, 3, 4, 5, 6],
        "430": [6, 8, 8, 9, 9, 9],
        "431": [8, 9, 9, 10, 10],
        "432": [9, 10, 10, 10, 10],
        "435": [7, 7, 8, 8],
        "436": [9, 9, 9, 10, 10, 10],
        "440": [9, 9, 10, 10],
        "441": [9, 10, 10, 10],
        "445": [6, 7, 9, 9, 10, 10],
        "446": [6, 9, 9, 10, 10],
        "448": [8, 9, 9, 10, 10],
        "450": [9, 9, 9, 10, 10],
        "451": [5, 8, 9, 10, 10],
        "453": [7, 8, 8, 8],
        "456": [7, 8, 9, 9],
        "457": [7, 7, 8, 9, 9],
        "462": [6, 7, 7, 8],
        "463": [6, 7, 8, 8, 9],
        "465": [5, 6, 8, 8, 9, 10],
        "466": [8, 8, 9, 9, 9],
        "467": [9, 9, 9, 10, 10],
        "469": [9, 10],
        "470": [10],
        "471": [6, 8, 9, 9, 9],
        "472": [10, 10, 10, 10],
        "473": [7, 8, 8, 8, 9],
        "476": [7, 8, 9, 9],
        "478": [7, 8, 9, 10, 10],
        "479": [1, 1, 2, 3],
        "480": [1, 1, 1, 2],
        "481": [6, 7, 8, 8, 8],
        "482": [8, 9, 10, 10],
        "483": [8, 10, 10, 10, 10],
        "485": [9, 9, 9, 10, 10, 10],
        "486": [8, 8, 8, 9],
        "487": [7, 7, 8, 8],
        "491": [7, 8, 9, 9],
        "493": [8, 8, 9, 9],
        "495": [2, 3, 3, 3, 4],
        "496": [7, 9, 9, 9],
        "497": [6, 10],
        "502": [2, 2, 2, 3, 3, 4],
        "504": [7, 9, 9, 9],
        "507": [1, 2, 3, 3, 4, 4],
        "510": [7, 8, 8, 9, 9, 9, 9],
        "514": [8, 9, 9, 9, 10],
        "516": [6, 7, 7, 7, 7, 7],
        "518": [7, 7, 8, 8],
        "519": [8, 8, 9, 9, 9, 10],
        "522": [8, 8, 9, 9],
        "524": [6, 6, 6, 7],
        "525": [9, 10, 10, 10],
        "529": [8, 9, 9, 9, 9],
        "531": [7, 7, 7, 8, 8],
        "532": [1, 2, 2, 2, 3],
        "533": [6, 9, 9, 9, 9, 9, 10],
        "537": [8, 8, 10, 10],
        "540": [6, 8, 8, 8],
        "541": [8, 10, 10, 10, 10],
        "543": [7, 8, 9, 9, 10],
        "544": [7, 8, 8, 9],
        "546": [7, 7, 8, 9, 9],
        "550": [7, 7, 8, 8, 9, 9, 10],
        "552": [8, 9, 10, 10],
        "555": [6, 8, 9, 9],
        "556": [6, 8, 8, 9],
        "557": [8, 8, 9, 9, 10],
        "559": [8, 9, 10, 10],
        "564": [8, 8, 9, 10],
        "566": [8, 9, 9, 9, 10],
        "567": [8, 9, 9, 10, 10, 10],
        "573": [6, 7, 7, 8],
        "574": [6, 8, 9, 9, 10, 10],
        "575": [2, 3, 3, 3, 4, 4],
        "577": [6, 6, 7, 8, 9],
        "579": [7, 7, 8, 8],
        "582": [8, 9, 9, 10],
        "583": [8, 8, 9, 9],
        "585": [9, 9, 10, 10],
        "586": [8, 8, 9, 9, 9, 10],
        "587": [6, 7, 7, 7],
        "588": [7, 8, 9, 9],
        "590": [9, 10, 10, 10]
    },
    "petit_jardin": {
        "0": [1, 1, 1, 1, 2, 2, 2],
        "1": [8, 10, 10, 10, 10, 10],
        "2": [0, 1, 1, 1, 2, 3, 3],
        "3": [9, 9, 10, 10, 10, 10, 10],
        "4": [8, 9, 10, 10, 10, 10, 10, 10, 10],
        "5": [8, 9, 10, 10, 10, 10, 10, 10, 10],
        "6": [9, 9, 10, 10, 10],
        "7": [1, 1, 1, 1],
        "8": [4, 8, 8, 8, 8, 8, 8, 8],
        "9": [10, 10, 10, 10, 10],
        "10": [6, 8, 9, 9, 9, 10, 10],
        "11": [8, 8, 8, 9],
        "12": [6, 6, 7, 7, 7],
        "14": [8, 9, 10, 10, 10],
        "15": [2, 3, 3, 3],
        "16": [4, 6, 6, 6, 6, 7],
        "17": [9, 10, 10, 10, 10, 10, 10],
        "18": [6, 6, 7, 7, 7, 7],
        "19": [4, 5, 6, 6],
        "20": [2, 2, 2, 2],
        "21": [7, 8, 9, 9, 9],
        "22": [10, 10, 10, 10, 10, 10],
        "23": [9, 9, 9, 10, 10, 10],
        "24": [10, 10, 10, 10, 10, 10, 10],
        "25": [4, 4, 5, 5, 5, 5, 5, 6, 6],
        "26": [8, 8, 8, 8, 8, 9],
        "27": [0, 0, 0, 0],
        "28": [9, 9, 9],
        "29": [10, 10, 10, 10, 10],
        "30": [10, 10, 10, 10, 10, 10],
        "31": [3, 3, 4, 5, 5, 5, 6],
        "32": [10, 10, 10, 10, 10, 10, 10],
        "33": [9, 9, 9, 9, 9, 9, 10],
        "34": [2, 2, 2, 2, 2, 2],
        "35": [5],
        "36": [4, 6, 7, 7, 7],
        "37": [9, 9, 9, 9, 9, 9, 9],
        "38": [10, 10, 10, 10, 10, 10],
        "39": [10, 10, 10, 10],
        "40": [4, 7, 7, 7, 7, 8, 8, 8],
        "41": [8, 8, 9, 9, 10],
        "42": [1, 1, 1, 1, 1, 1],
        "43": [0, 0, 0, 0, 0, 1],
        "44": [2, 3, 4],
        "45": [10, 10, 10, 10],
        "46": [0, 0, 0, 2, 2, 2, 2, 2],
        "47": [10, 10, 10, 10, 10],
        "48": [10, 10, 10, 10, 10, 10, 10, 10],
        "49": [10, 10, 10, 10, 10],
        "50": [7, 10, 10, 10, 10, 10, 10, 10, 10],
        "51": [3, 3, 4, 4, 4, 5],
        "52": [9, 10, 10, 10, 10, 10, 10, 10, 10],
        "53": [3, 4, 4],
        "54": [9, 10, 10, 10, 10, 10],
        "55": [3, 3, 4, 4, 5, 5],
        "56": [7, 8, 9, 9, 9, 9, 9, 9, 9],
        "57": [7, 10, 10, 10],
        "59": [8, 9, 9, 9, 10],
        "60": [9, 9, 10, 10, 10, 10, 10, 10],
        "61": [10, 10, 10, 10, 10, 10],
        "62": [7, 8, 10, 10, 10],
        "63": [2, 2, 2, 2],
        "64": [4, 4, 4, 4, 5, 5],
        "65": [6, 7, 7, 7, 7, 7, 7],
        "66": [0, 0, 1, 1, 1, 1, 1, 2],
        "67": [9, 9, 9, 9, 9],
        "68": [2, 2, 3, 3, 4, 4, 4, 4],
        "69": [3, 4, 4, 4, 5],
        "70": [3, 5, 5, 5, 6, 6],
        "71": [9, 10, 10, 10, 10, 10],
        "72": [1, 1],
        "73": [6, 8, 9, 9, 9, 9],
        "74": [7, 8, 8, 8, 9],
        "75": [2, 2, 3, 3, 3],
        "76": [9, 10, 10, 10, 10, 10],
        "77": [3, 6, 7, 7, 7, 7],
        "78": [10, 10, 10, 10, 10],
        "79": [6, 8, 9, 9, 9, 10, 10],
        "80": [10, 10, 10, 10, 10, 10, 10],
        "81": [8, 10, 10, 10],
        "82": [3, 7, 7, 7, 7, 7],
        "83": [4, 5],
        "84": [9, 10, 10, 10, 10, 10, 10, 10],
        "86": [9, 10, 10, 10, 10, 10, 10],
        "87": [2, 3, 3, 3, 3],
        "88": [8, 9, 10, 10, 10],
        "89": [3, 3, 4, 4, 4],
        "90": [10, 10, 10, 10, 10],
        "91": [7, 8, 8, 8, 9, 10],
        "92": [4, 4, 4, 4],
        "93": [9, 10, 10, 10, 10, 10, 10],
        "94": [6, 7, 9, 9, 9],
        "95": [10, 10, 10, 10, 10, 10],
        "96": [6, 7, 8, 8, 8, 8, 8, 9, 10],
        "97": [7, 7, 8, 9, 9, 9],
        "98": [3, 3, 4, 4, 5, 5],
        "99": [3, 3, 4],
        "100": [3, 3, 4, 4, 6],
        "102": [3, 3, 3, 4, 4],
        "103": [6, 6, 7, 7, 7, 8, 8, 8, 8],
        "104": [8, 9, 9],
        "106": [4, 5, 6, 7, 7, 7, 7],
        "107": [9, 9, 10, 10],
        "108": [10, 10, 10, 10, 10, 10],
        "110": [10, 10, 10, 10, 10, 10],
        "111": [10, 10, 10, 10, 10],
        "112": [2, 2, 3, 3, 3, 3],
        "113": [9, 9, 9, 9, 10, 10],
        "114": [1, 1, 1, 1, 2],
        "115": [0, 1, 1, 1, 2]
    },
    "shampoo_men": {
        "0": [7, 9, 9, 9, 10, 10, 10],
        "1": [8, 9, 10, 10, 10, 10, 10],
        "2": [8, 8, 8, 8, 10, 10, 10],
        "3": [8, 8, 8, 9, 9, 10, 10, 10],
        "4": [2, 3, 3, 4, 4, 5],
        "5": [7, 9, 10, 10, 10, 10],
        "6": [8, 10, 10, 10, 10, 10],
        "7": [8, 9, 9, 9, 9, 10, 10, 10],
        "8": [8, 9, 9, 9, 9],
        "9": [6, 6, 7, 8, 8, 8],
        "10": [8, 9, 10, 10, 10, 10],
        "11": [2, 2, 2, 2, 3, 3, 5],
        "12": [2, 2, 2, 2, 3, 4, 5, 10],
        "13": [7, 9, 9, 10, 10, 10, 10],
        "14": [5, 5, 6, 7, 8, 8, 10],
        "15": [10, 10, 10, 10, 10, 10, 10, 10],
        "16": [7, 8, 9, 10, 10, 10],
        "17": [8, 9, 9, 9, 10, 10, 10, 10],
        "18": [7, 8, 10, 10, 10, 10, 10],
        "19": [7, 8, 9, 10, 10, 10, 10],
        "20": [3, 4, 6, 7, 7, 8],
        "21": [6, 8, 8, 8, 9, 10, 10, 10],
        "22": [6, 6, 9, 9, 9, 10],
        "23": [8, 10, 10, 10, 10, 10, 10, 10],
        "24": [4, 5, 6, 7, 7, 8, 8],
        "25": [8, 9, 10, 10, 10, 10],
        "26": [4, 4, 5, 6, 6, 7, 7],
        "27": [6, 7, 9, 9, 10, 10, 10],
        "29": [5, 6, 7, 7, 8, 8],
        "30": [6, 8, 9, 9, 10, 10],
        "31": [7, 8, 9, 10, 10, 10, 10, 10],
        "32": [9, 10, 10, 10, 10, 10, 10, 10],
        "33": [6, 8, 8, 10, 10, 10, 10],
        "34": [6, 6, 7, 9, 9, 10, 10],
        "35": [7, 9, 10, 10, 10, 10],
        "36": [8, 9, 9, 10, 10, 10, 10],
        "37": [9, 10, 10, 10, 10, 10, 10, 10],
        "38": [6, 7, 8, 9, 10, 10, 10],
        "39": [7, 7, 8, 8, 8, 8],
        "40": [8, 8, 10, 10, 10, 10],
        "41": [6, 7, 8, 8, 9, 9, 10, 10],
        "42": [7, 7, 8, 9, 9, 10, 10],
        "43": [8, 9, 10, 10, 10, 10, 10],
        "44": [8, 8, 9, 9, 10, 10, 10],
        "45": [9, 9, 10, 10, 10, 10],
        "46": [5, 6, 7, 8, 8, 8, 8],
        "47": [10, 10, 10, 10, 10, 10],
        "48": [8, 9, 9, 10, 10, 10],
        "49": [7, 8, 8, 8, 9, 10, 10],
        "50": [7, 7, 9, 9, 9, 10],
        "51": [9, 10, 10, 10, 10, 10],
        "52": [8, 10, 10, 10, 10, 10, 10],
        "53": [6, 7, 8, 8, 8, 8, 9, 9],
        "54": [9, 9, 10, 10, 10, 10, 10, 10],
        "55": [9, 9, 9, 9, 10, 10, 10],
        "56": [10, 10, 10, 10, 10, 10, 10],
        "57": [9, 10, 10, 10, 10, 10, 10],
        "58": [8, 8, 9, 10, 10, 10],
        "59": [10, 10, 10, 10, 10, 10],
        "60": [9, 9, 9, 10, 10, 10, 10, 10],
        "61": [8, 9, 9, 10, 10, 10, 10]
    },
    "shampoo_women_1l": {
        "0": [6, 8, 8, 9, 10],
        "1": [10, 10, 10, 10, 10, 10],
        "2": [5, 5, 5, 6, 6, 8],
        "3": [8, 9, 9, 9, 10],
        "4": [5, 5, 6, 7],
        "5": [10, 10, 10, 10, 10, 10],
        "6": [7, 8, 9, 10, 10],
        "7": [7, 8, 9, 10, 10, 10],
        "8": [6, 7, 8, 8, 8, 9],
        "9": [10, 10, 10, 10, 10],
        "10": [9, 9, 10, 10, 10, 10],
        "11": [9, 10, 10, 10, 10],
        "12": [6, 7, 7, 7],
        "13": [7, 8, 9, 9, 9, 10],
        "14": [0, 0, 0, 0, 1, 2],
        "15": [7, 8, 9, 10, 10],
        "16": [8, 8, 8, 8, 9, 10],
        "17": [9, 9, 9, 10, 10],
        "18": [9, 10, 10, 10, 10, 10],
        "19": [8, 9, 9, 9, 9, 10],
        "20": [8, 9, 10, 10, 10],
        "21": [9, 9, 9, 10, 10],
        "22": [7, 8, 8, 8, 9],
        "23": [4, 4, 5, 6, 6],
        "24": [9, 9, 9, 10, 10, 10]
    },
    "shampoo_women_5l": {
        "0": [4, 4, 6, 6, 6, 7, 7, 7, 7, 8],
        "1": [8, 9, 9, 9, 10, 10, 10, 10, 10],
        "2": [9, 10, 10, 10, 10, 10],
        "3": [7, 8, 8, 9, 9, 9],
        "4": [5, 6, 6, 7, 7, 8, 10],
        "5": [6, 6, 7, 7, 8, 8, 10, 10],
        "6": [6, 6, 7, 7, 8, 8, 10, 10],
        "7": [8, 9, 9, 9, 10, 10, 10, 10],
        "8": [6, 8, 8, 9, 9, 10],
        "9": [7, 7, 7, 7, 7, 8, 10, 10],
        "10": [8, 8, 8, 8, 9, 9, 10, 10, 10],
        "11": [6, 6, 6, 7, 8, 8, 9],
        "12": [8, 9, 9, 10, 10, 10, 10, 10],
        "13": [5, 6, 6, 7, 7, 7, 8],
        "14": [5, 5, 7, 7, 8, 8, 9, 10],
        "15": [5, 6, 6, 7, 7, 8, 8, 8, 8],
        "16": [7, 8, 9, 9, 10, 10, 10, 10],
        "17": [8, 9, 10, 10, 10, 10, 10, 10],
        "18": [8, 9, 10, 10, 10, 10, 10, 10],
        "19": [7, 7, 8, 8, 9, 9, 9],
        "20": [8, 9, 9, 10, 10, 10, 10],
        "21": [5, 5, 6, 6, 6, 6, 7, 8],
        "22": [5, 7, 7, 7, 8, 8, 8],
        "23": [6, 6, 7, 7, 8, 8, 10],
        "24": [8, 10, 10, 10, 10, 10, 10],
        "25": [7, 8, 8, 9, 9, 10],
        "26": [9, 9, 9, 9, 10, 10, 10, 10],
        "27": [9, 10, 10, 10, 10, 10, 10, 10],
        "28": [4, 5, 5, 5, 6, 6, 7, 8],
        "29": [9, 9, 9, 9, 10, 10, 10],
        "30": [9, 10, 10, 10, 10, 10, 10, 10],
        "31": [1, 5, 5, 5, 6, 6, 7, 7, 8, 10],
        "32": [6, 6, 7, 7, 7, 7, 8, 10],
        "33": [8, 8, 9, 9, 9, 10, 10, 10, 10, 10],
        "34": [8, 8, 8, 8, 9, 9, 10, 10, 10, 10],
        "35": [5, 9, 9, 9, 9, 9, 10, 10],
        "36": [6, 6, 7, 7, 8, 8, 9, 9],
        "37": [6, 6, 7, 8, 8, 10, 10],
        "38": [7, 8, 9, 9, 9, 9],
        "39": [0, 2, 3, 3, 4, 4, 4, 4, 4, 5],
        "40": [5, 5, 6, 7, 8, 10, 10, 10],
        "41": [8, 9, 9, 9, 9, 10, 10],
        "42": [6, 7, 7, 7, 8, 9, 9, 10],
        "43": [5, 6, 6, 7, 7, 7, 7, 8, 9, 10],
        "44": [8, 8, 9, 9, 9, 10, 10, 10],
        "45": [6, 6, 6, 7, 8, 9, 10, 10],
        "46": [7, 7, 7, 8, 8, 8, 10, 10, 10, 10],
        "47": [8, 8, 8, 9, 10, 10, 10, 10],
        "49": [6, 7, 7, 8, 8, 8, 8, 9, 9, 10, 10],
        "50": [8, 9, 9, 9, 9, 10, 10, 10, 10],
        "51": [9, 9, 10, 10, 10, 10, 10, 10],
        "52": [5, 5, 5, 5, 5, 7, 8, 8, 10],
        "53": [9, 9, 10, 10, 10],
        "54": [8, 9, 9, 9, 10, 10, 10, 10, 10],
        "55": [8, 9, 9, 10, 10, 10],
        "56": [9, 10, 10, 10, 10, 10, 10, 10, 10],
        "57": [9, 9, 9, 9, 10, 10, 10, 10, 10],
        "58": [7, 9, 9, 9, 10, 10, 10],
        "59": [8, 9, 9, 9, 10, 10, 10],
        "60": [8, 10, 10, 10, 10, 10, 10],
        "61": [8, 8, 8, 9, 10, 10, 10, 10],
        "62": [3, 5, 5, 5, 5, 6, 6],
        "63": [9, 9, 10, 10, 10, 10, 10, 10, 10],
        "64": [1, 1, 1, 2, 2, 2, 2, 2, 5],
        "65": [9, 10, 10, 10, 10, 10, 10, 10]
    },
    "victor_ferry": {
        "0": [8, 8, 9, 10, 10],
        "1": [9, 9, 10, 10, 10, 10, 10],
        "2": [8, 9, 9, 10, 10],
        "3": [0, 1, 1],
        "5": [0, 0, 0, 1, 1, 1, 2],
        "6": [9, 9, 9, 9, 10, 10, 10],
        "7": [0, 1, 1],
        "8": [8, 9, 9, 10, 10],
        "9": [8, 9, 9, 10, 10, 10],
        "10": [7, 7, 8, 8, 8, 8, 9],
        "11": [9, 10, 10, 10, 10],
        "12": [6, 7, 7],
        "13": [8, 9, 9, 10, 10],
        "14": [8, 8, 8, 9, 10, 10],
        "15": [7, 7, 8, 8, 8, 8, 9],
        "16": [10, 10, 10, 10, 10],
        "17": [9, 10, 10, 10, 10],
        "18": [1, 1, 1, 2, 3],
        "19": [8, 10, 10, 10, 10, 10, 10, 10],
        "20": [9, 9, 10, 10, 10, 10],
        "21": [2, 2, 3, 3, 4, 4, 4],
        "22": [7, 7, 7, 7, 7, 8],
        "23": [9, 10, 10, 10, 10, 10],
        "24": [1, 1, 1, 1, 2, 2, 3],
        "25": [9, 10, 10, 10, 10, 10],
        "26": [9, 10, 10, 10, 10, 10],
        "27": [9, 9, 9, 10, 10, 10, 10],
        "28": [10, 10, 10, 10, 10, 10, 10],
        "29": [9, 9, 9, 9, 10],
        "30": [9, 9, 9, 10, 10],
        "31": [9, 10, 10, 10, 10, 10],
        "32": [9, 9, 10, 10, 10, 10],
        "33": [10, 10, 10, 10, 10],
        "34": [9, 9, 10, 10],
        "36": [8, 8, 9, 9, 10, 10, 10]
    }
}